producto,mes_corte,ventas_mes_siguiente,prediccion,prediccion_redondeada,error_absoluto
Adidas Aeroready Tank Negro,2025-12,32,30.244971155751156,30,1.7550288442488444
Adidas Core Cotton Tank Negro,2025-12,4,2.90081287798363,3,1.09918712201637
Adidas Designed 4 Training Tee Negro,2025-12,8,10.23142924797026,10,2.2314292479702598
Adidas Entrada Jacket Azul Marino,2025-12,6,8.411245342346568,8,2.411245342346568
Adidas Essentials Hoodie Gris,2025-12,9,8.415586632643707,8,0.5844133673562926
Adidas HIIT Training Shorts Negro,2025-12,9,8.464214626865369,8,0.5357853731346314
Adidas Optime Training Leggings Morado,2025-12,6,5.9471539617165305,6,0.052846038283469454
Adidas Own The Run Tee Verde,2025-12,10,9.269077082120196,9,0.7309229178798038
Adidas Powerreact Sports Bra Rosa,2025-12,7,6.9576283869024484,7,0.04237161309755155
Adidas Primeblue Track Pants Azul,2025-12,7,6.826819179879639,7,0.1731808201203613
Adidas Strength Graphic Tee Rojo,2025-12,26,26.535237643627166,27,0.5352376436271662
Adidas Techfit Compression Shirt Blanco,2025-12,20,25.135524824527028,25,5.135524824527028
Adidas Tiro Training Pants Negro,2025-12,8,10.597779703312412,11,2.597779703312412
Adidas Train Essentials Shorts Azul,2025-12,15,11.430566734489462,11,3.569433265510538
Adidas Training Long Sleeve Verde Olivo,2025-12,11,10.514363715802686,11,0.4856362841973141
Adidas Yoga Studio Tee Blanco,2025-12,12,9.349011576108815,9,2.650988423891185
Adidas ZNE Sweatshirt Gris,2025-12,20,14.717647058299256,15,5.2823529417007435
Amino Energy BCAA 270 g,2025-12,61,46.83971527777777,47,14.16028472222223
Cellucor Alpha Amino Lemon Lime,2025-12,14,8.889899295327318,9,5.110100704672682
Cellucor BCAA Sport Watermelon 270 g,2025-12,18,20.956795431955715,21,2.9567954319557153
Cellucor C4 Energy Drink Pack 12 piezas,2025-12,7,18.305278020722763,18,11.305278020722763
Cellucor C4 Original Fruit Punch,2025-12,24,28.229782637550112,28,4.229782637550112
Cellucor C4 Original Icy Blue Razz,2025-12,5,12.087717350527557,12,7.087717350527557
Cellucor C4 Ripped Arctic Snow Cone,2025-12,9,11.315012083593478,11,2.315012083593478
Cellucor C4 Smart Energy Peach Mango,2025-12,13,17.217116750995032,17,4.217116750995032
Cellucor C4 Ultimate Cherry Limeade,2025-12,11,10.419631833923827,10,0.5803681660761733
Cellucor CLA 90 Softgels,2025-12,10,13.760626548050846,14,3.760626548050846
Cellucor Cor Performance Whey Chocolate,2025-12,23,18.75066784322118,19,4.24933215677882
Cellucor Cor Performance Whey Vanilla,2025-12,21,11.876836248038183,12,9.123163751961817
Cellucor Creatine Monohydrate 300 g,2025-12,23,30.111069831328095,30,7.111069831328095
Cellucor Hydration Stick Lemon 20 sobres,2025-12,23,20.050967870120363,20,2.9490321298796367
Cellucor Isolate Protein Chocolate 2 lb,2025-12,37,35.08097961760459,35,1.9190203823954093
Cellucor Post Workout Recovery Berry,2025-12,11,10.780200015079823,11,0.2197999849201775
Cellucor Super HD 60 caps,2025-12,27,25.181971440437195,25,1.818028559562805
Cellucor Whey Cinnamon Swirl 2 lb,2025-12,15,21.330091109051477,21,6.330091109051477
Creatina Monohidratada 300 g,2025-12,37,29.7079782187889,30,7.292021781211101
Guantes de Entrenamiento Pro,2025-12,11,10.479983181592129,10,0.5200168184078713
Gymshark Adapt Leggings Negro,2025-12,17,12.693569553077353,13,4.306430446922647
Gymshark Apex Training Tee Blanco,2025-12,15,11.815254761947454,12,3.184745238052546
Gymshark Apex Training Tee Negro,2025-12,4,7.644160723498064,8,3.6441607234980644
Gymshark Arrival Shorts Negro,2025-12,16,8.941446498202954,9,7.058553501797046
Gymshark Crest Hoodie Gris,2025-12,16,8.864825680575448,9,7.135174319424552
Gymshark Critical Drop Arm Tank Negro,2025-12,0,5.459598379624777,5,5.459598379624777
Gymshark Everyday Baselayer Blanco,2025-12,6,5.770982349318947,6,0.22901765068105284
Gymshark Legacy Tank Azul,2025-12,0,3.3028955028028117,3,3.3028955028028117
Gymshark Lift Club Tee Verde Olivo,2025-12,12,8.079130306287576,8,3.920869693712424
Gymshark Lightweight Training Pants Gris,2025-12,17,21.115298002073118,21,4.115298002073118
Gymshark Mesh Training Tank Rojo,2025-12,30,26.633684184405084,27,3.366315815594916
Gymshark Performance Long Sleeve Negro,2025-12,6,4.979970985678933,5,1.020029014321067
Gymshark Power Sports Bra Rosa,2025-12,6,4.5587624652508545,5,1.4412375347491455
Gymshark Rest Day Oversized Tee Beige,2025-12,14,12.328126476965103,12,1.671873523034897
Gymshark Sport Jogger Gris Oxford,2025-12,5,4.751188342142928,5,0.24881165785707182
Gymshark Training Zip Jacket Azul Marino,2025-12,7,8.38760582370775,8,1.3876058237077498
Gymshark Vital Seamless Top Verde,2025-12,9,8.51119042482239,9,0.48880957517761026
Harbinger Ab Straps Negro,2025-12,3,2.7908103398763466,3,0.20918966012365336
Harbinger Ankle Cuff Pair Negro,2025-12,8,13.317789450901689,13,5.317789450901689
Harbinger Balance Pad Azul,2025-12,8,9.179360720482999,9,1.1793607204829986
Harbinger Bar Pad Negro,2025-12,0,7.364155651520614,7,7.364155651520614
Harbinger Cable Attachment Rope Negro,2025-12,8,7.860426707282698,8,0.13957329271730234
Harbinger Carabiner Clips Set Plateado,2025-12,12,7.601528469152251,8,4.398471530847749
Harbinger Chalk Ball Blanco,2025-12,12,8.066859985235523,8,3.9331400147644775
Harbinger Core Sliders Negro,2025-12,23,21.288231772237204,21,1.7117682277627964
Harbinger Core Stability Ball Gris,2025-12,7,7.9039779938765795,8,0.9039779938765795
Harbinger D Handle Grip Negro,2025-12,1,3.473009823241008,3,2.473009823241008
Harbinger Door Anchor Negro,2025-12,4,10.035611891412655,10,6.035611891412655
Harbinger Drawstring Bag Rojo,2025-12,2,2.6868173109675633,3,0.6868173109675633
Harbinger Duffel Bag Negro,2025-12,2,9.467996497554664,9,7.4679964975546635
Harbinger Durafoam Mat Negro,2025-12,5,8.601739258520814,9,3.601739258520814
Harbinger Elastic Wrist Wraps Negro,2025-12,8,9.372924952736302,9,1.3729249527363017
Harbinger Elbow Sleeves Negro,2025-12,12,6.781947511001153,7,5.218052488998847
Harbinger Figure 8 Lifting Straps Negro,2025-12,14,8.253279629467489,8,5.746720370532511
Harbinger Foam Core Belt Gris,2025-12,5,5.787374132912834,6,0.7873741329128343
Harbinger Forearm Roller Negro,2025-12,2,7.979637794433736,8,5.979637794433736
Harbinger Gym Towel Negro,2025-12,10,7.737764593394866,8,2.262235406605134
Harbinger Hand Grip Trainer Negro,2025-12,28,23.714160562994596,24,4.285839437005404
Harbinger Hip Band Verde,2025-12,13,12.457281553667208,12,0.5427184463327919
Harbinger Knee Sleeves 5mm Negro,2025-12,9,6.610701887895026,7,2.3892981121049743
Harbinger Lacrosse Massage Ball Negro,2025-12,11,6.073968361184087,6,4.926031638815913
Harbinger Lat Pulldown Bar Cromado,2025-12,2,2.290512992387383,2,0.29051299238738304
Harbinger Lifting Chain Collars Negro,2025-12,5,3.0197489309146,3,1.9802510690854
Harbinger Liquid Chalk 250 ml Blanco,2025-12,7,7.546445271929189,8,0.5464452719291888
Harbinger Massage Roller Negro,2025-12,9,10.767081236069574,11,1.7670812360695738
Harbinger Mini Band Set Multicolor,2025-12,26,22.094212283049636,22,3.905787716950364
Harbinger Padded Cotton Lifting Straps Negro,2025-12,18,24.593669249577648,25,6.593669249577648
Harbinger Power Lifting Belt Negro,2025-12,6,5.091269194367447,5,0.9087308056325529
Harbinger Pro Wristwrap Gloves Negro,2025-12,18,17.263919758432536,17,0.7360802415674641
Harbinger Push Up Pro Handles Negro,2025-12,5,3.7152263199673023,4,1.2847736800326977
Harbinger Red Line Knee Wraps Rojo,2025-12,16,9.784321296973172,10,6.215678703026828
Harbinger Resistance Band Heavy Negro,2025-12,29,22.484890283975115,22,6.5151097160248845
Harbinger Resistance Band Light Amarillo,2025-12,18,11.733661565050657,12,6.266338434949343
Harbinger Resistance Band Medium Rojo,2025-12,6,4.081897251518907,4,1.9181027484810933
Harbinger Shaker Bottle 700 ml Negro,2025-12,9,7.763220362031283,8,1.2367796379687173
Harbinger Speed Agility Cones Naranja,2025-12,7,6.571843775382233,7,0.4281562246177666
Harbinger Speed Rope Negro,2025-12,27,24.461566504638427,24,2.5384334953615735
Harbinger Stainless Shaker 750 ml Plateado,2025-12,3,7.979727004370295,8,4.979727004370295
Harbinger Stretch Strap Azul,2025-12,22,23.235693101815542,23,1.2356931018155421
Harbinger Training Grip Gloves Gris,2025-12,7,8.900714726556833,9,1.9007147265568332
Harbinger Training Log Book Negro,2025-12,10,8.889481162847257,9,1.1105188371527426
Harbinger Training Towel Gris,2025-12,1,8.409867961015514,8,7.4098679610155145
Harbinger Triceps V Bar Cromado,2025-12,16,8.756075823196683,9,7.243924176803317
Harbinger Weighted Jump Rope Gris,2025-12,11,8.6880046663752,9,2.3119953336248003
Harbinger Weightlifting Hooks Negro,2025-12,4,2.02178944310039,2,1.9782105568996098
Harbinger Wrist Roller Kit Negro,2025-12,8,7.833495267948382,8,0.1665047320516182
Harbinger Yoga Block Gris,2025-12,2,2.6155728466211245,3,0.6155728466211245
MuscleTech 100 Percent Whey Chocolate 5 lb,2025-12,16,13.86054720598488,14,2.1394527940151207
MuscleTech Amino Build Orange Mango,2025-12,36,23.230248691193452,23,12.769751308806548
MuscleTech Clear Muscle 84 caps,2025-12,8,6.507505276154274,7,1.4924947238457262
MuscleTech Collagen Peptides Unflavored 300 g,2025-12,14,11.531835929505554,12,2.4681640704944456
MuscleTech EAA Hydration Blue Raspberry,2025-12,33,28.954399230486327,29,4.045600769513673
MuscleTech Glutamine Plus 300 g,2025-12,6,6.593618404897374,7,0.5936184048973736
MuscleTech Grass Fed Whey Vanilla 2 lb,2025-12,13,10.993271958844334,11,2.0067280411556663
MuscleTech Hydroxycut Hardcore 100 caps,2025-12,27,19.53687571035942,20,7.463124289640579
MuscleTech Mass Tech Extreme Chocolate 7 lb,2025-12,50,29.009252569143865,29,20.990747430856135
MuscleTech NitroTech Chocolate 4 lb,2025-12,15,12.225538376848574,12,2.774461623151426
MuscleTech NitroTech Vanilla 4 lb,2025-12,6,10.988210580658597,11,4.988210580658597
MuscleTech Platinum Creatine 400 g,2025-12,41,33.284076594069504,33,7.715923405930496
MuscleTech Platinum Multivitamin 90 tabs,2025-12,18,16.14170436413353,16,1.8582956358664688
MuscleTech Protein Cookie Chocolate Chip,2025-12,15,14.6820047373259,15,0.31799526267409917
MuscleTech Test HD 90 caps,2025-12,8,9.151058544526192,9,1.151058544526192
MuscleTech Vapor X5 Fruit Punch,2025-12,8,9.42116772178106,9,1.4211677217810603
Optimum Nutrition Amino Energy Blue Raspberry 270 g,2025-12,10,5.63498910795669,6,4.36501089204331
Optimum Nutrition Amino Energy Watermelon 270 g,2025-12,10,9.001585732383441,9,0.9984142676165586
Optimum Nutrition BCAA 1000 Caps 200 caps,2025-12,17,15.624741157749487,16,1.3752588422505134
Optimum Nutrition Casein Chocolate Supreme 2 lb,2025-12,15,16.374715453757137,16,1.3747154537571369
Optimum Nutrition Electrolyte Mix Lemon Lime,2025-12,29,20.869143050966148,21,8.130856949033852
Optimum Nutrition Fish Oil 100 caps,2025-12,40,42.24095039682536,42,2.2409503968253617
Optimum Nutrition Glutamine Powder 300 g,2025-12,14,11.348270106783852,11,2.6517298932161477
Optimum Nutrition Gold Standard Pre Workout Fruit Punch,2025-12,17,11.87232310534343,12,5.12767689465657
Optimum Nutrition Hydrowhey Turbo Chocolate 1.6 lb,2025-12,21,23.251144416236652,23,2.2511444162366523
Optimum Nutrition Micronized Creatine 300 g,2025-12,20,22.051018340719793,22,2.051018340719793
Optimum Nutrition Opti Men 90 tabs,2025-12,16,9.764210143847196,10,6.235789856152804
Optimum Nutrition Opti Women 60 caps,2025-12,48,42.63557936507934,43,5.364420634920663
Optimum Nutrition Plant Protein Vanilla 1.5 lb,2025-12,23,15.908086859626875,16,7.091913140373125
Optimum Nutrition Serious Mass Chocolate 6 lb,2025-12,11,5.391348243038559,5,5.608651756961441
Optimum Nutrition Whey Gold Cookies Cream 5 lb,2025-12,20,26.341009891701674,26,6.341009891701674
Optimum Nutrition Whey Gold Double Chocolate 2 lb,2025-12,3,4.262314705035814,4,1.2623147050358137
Optimum Nutrition Whey Gold Vanilla Ice Cream 2 lb,2025-12,18,12.315214233114894,12,5.684785766885106
Playera Fit Training,2025-12,7,16.53678783628775,17,9.53678783628775
Playera Training Dry Fit,2025-12,4,11.58807414516745,12,7.58807414516745
Pre-entreno C4 Original 30 servicios,2025-12,40,33.186091314050856,33,6.813908685949144
Pre-entreno C4 Ripped,2025-12,22,18.319970657330913,18,3.680029342669087
Proteína Whey Gold Standard 5 lb,2025-12,31,24.91861907009299,25,6.081380929907009
Prueba,2025-12,4,3.6380401749945803,4,0.3619598250054197
Short Deportivo Performance,2025-12,6,6.637463866553405,7,0.6374638665534054
YoungLA Block Party Tee Negro,2025-12,33,34.55828070487945,35,1.5582807048794507
YoungLA Classic Cutoff Verde Olivo,2025-12,0,10.996342024948984,11,10.996342024948984
YoungLA Compression Tee Rojo,2025-12,15,17.27923957028478,17,2.27923957028478
YoungLA Core Tank Blanco,2025-12,3,11.857613099455568,12,8.857613099455568
YoungLA Essential Sweatpants Gris,2025-12,13,10.732977516439773,11,2.2670224835602273
YoungLA Immortal Joggers Gris,2025-12,18,19.342122633582576,19,1.3421226335825764
YoungLA Lift Shorts Gris,2025-12,15,20.220948755156602,20,5.220948755156602
YoungLA Minimal Sports Bra Lila,2025-12,12,17.022083550479593,17,5.022083550479593
YoungLA Motion Jacket Negro,2025-12,7,8.977058861002517,9,1.9770588610025168
YoungLA Perfect Shorts Azul,2025-12,9,8.753628249831705,9,0.24637175016829538
YoungLA Performance Polo Negro,2025-12,13,8.126283749745204,8,4.873716250254796
YoungLA Pump Cover Tee Blanco,2025-12,16,16.624883779421765,17,0.624883779421765
YoungLA Ribbed Leggings Negro,2025-12,7,9.711257718773492,10,2.711257718773492
YoungLA Thermal Long Sleeve Azul Marino,2025-12,4,4.521806820240508,5,0.5218068202405082
YoungLA Training Stringer Negro,2025-12,11,9.60832887315337,10,1.3916711268466297
YoungLA Varsity Hoodie Verde,2025-12,13,12.421321659007972,12,0.5786783409920275
Adidas Aeroready Tank Negro,2026-01,30,27.16094291132676,27,2.83905708867324
Adidas Core Cotton Tank Negro,2026-01,1,3.395682770806575,3,2.395682770806575
Adidas Designed 4 Training Tee Negro,2026-01,13,9.25339712943787,9,3.74660287056213
Adidas Entrada Jacket Azul Marino,2026-01,11,7.979632761492457,8,3.020367238507543
Adidas Essentials Hoodie Gris,2026-01,7,8.725338473820866,9,1.725338473820866
Adidas HIIT Training Shorts Negro,2026-01,1,9.208808047771779,9,8.208808047771779
Adidas Optime Training Leggings Morado,2026-01,8,6.377102132408831,6,1.6228978675911687
Adidas Own The Run Tee Verde,2026-01,6,9.441462765682907,9,3.441462765682907
Adidas Powerreact Sports Bra Rosa,2026-01,9,6.984037794114182,7,2.0159622058858178
Adidas Primeblue Track Pants Azul,2026-01,12,6.914915792180425,7,5.085084207819575
Adidas Strength Graphic Tee Rojo,2026-01,25,26.179360738194973,26,1.1793607381949727
Adidas Techfit Compression Shirt Blanco,2026-01,25,26.11055958888808,26,1.11055958888808
Adidas Tiro Training Pants Negro,2026-01,12,10.697133228982878,11,1.302866771017122
Adidas Train Essentials Shorts Azul,2026-01,14,11.826239492744799,12,2.173760507255201
Adidas Training Long Sleeve Verde Olivo,2026-01,8,11.174536732603098,11,3.174536732603098
Adidas Yoga Studio Tee Blanco,2026-01,13,9.405017451369167,9,3.594982548630833
Adidas ZNE Sweatshirt Gris,2026-01,19,17.679944537618272,18,1.3200554623817276
Amino Energy BCAA 270 g,2026-01,47,43.45634126984127,43,3.5436587301587323
Cellucor Alpha Amino Lemon Lime,2026-01,7,8.957390688318965,9,1.9573906883189647
Cellucor BCAA Sport Watermelon 270 g,2026-01,19,21.808302336299906,22,2.8083023362999064
Cellucor C4 Energy Drink Pack 12 piezas,2026-01,11,15.364980409101936,15,4.3649804091019355
Cellucor C4 Original Fruit Punch,2026-01,21,27.38835481428895,27,6.388354814288949
Cellucor C4 Original Icy Blue Razz,2026-01,15,10.240545019607653,10,4.759454980392347
Cellucor C4 Ripped Arctic Snow Cone,2026-01,10,11.42803000006754,11,1.4280300000675403
Cellucor C4 Smart Energy Peach Mango,2026-01,11,18.021318511623882,18,7.021318511623882
Cellucor C4 Ultimate Cherry Limeade,2026-01,1,11.029752032217596,11,10.029752032217596
Cellucor CLA 90 Softgels,2026-01,18,13.954229041383753,14,4.045770958616247
Cellucor Cor Performance Whey Chocolate,2026-01,13,19.0364575651944,19,6.0364575651944
Cellucor Cor Performance Whey Vanilla,2026-01,18,16.79387111878036,17,1.206128881219641
Cellucor Creatine Monohydrate 300 g,2026-01,21,29.27421624962428,29,8.274216249624281
Cellucor Hydration Stick Lemon 20 sobres,2026-01,29,22.634680732105302,23,6.365319267894698
Cellucor Isolate Protein Chocolate 2 lb,2026-01,33,35.6616919191919,36,2.6616919191919024
Cellucor Post Workout Recovery Berry,2026-01,10,12.074024316529595,12,2.074024316529595
Cellucor Super HD 60 caps,2026-01,24,24.63064815116059,25,0.6306481511605888
Cellucor Whey Cinnamon Swirl 2 lb,2026-01,18,21.3971655308797,21,3.3971655308797004
Creatina Monohidratada 300 g,2026-01,30,30.670006831234033,31,0.6700068312340335
Guantes de Entrenamiento Pro,2026-01,12,10.75667398870923,11,1.2433260112907707
Gymshark Adapt Leggings Negro,2026-01,19,14.995658649381285,15,4.004341350618715
Gymshark Apex Training Tee Blanco,2026-01,17,12.497046772420196,12,4.502953227579804
Gymshark Apex Training Tee Negro,2026-01,13,9.78896647181734,10,3.2110335281826607
Gymshark Arrival Shorts Negro,2026-01,9,11.185447906273208,11,2.1854479062732075
Gymshark Crest Hoodie Gris,2026-01,6,11.884225442062368,12,5.884225442062368
Gymshark Critical Drop Arm Tank Negro,2026-01,10,4.03623758259437,4,5.96376241740563
Gymshark Everyday Baselayer Blanco,2026-01,5,5.84032479947185,6,0.8403247994718503
Gymshark Legacy Tank Azul,2026-01,5,3.6138169833581544,4,1.3861830166418456
Gymshark Lift Club Tee Verde Olivo,2026-01,8,9.051080665396094,9,1.0510806653960945
Gymshark Lightweight Training Pants Gris,2026-01,17,17.990620298318472,18,0.990620298318472
Gymshark Mesh Training Tank Rojo,2026-01,33,23.0447734220915,23,9.955226577908501
Gymshark Performance Long Sleeve Negro,2026-01,1,5.089885309030106,5,4.089885309030106
Gymshark Power Sports Bra Rosa,2026-01,7,6.317704662701479,6,0.6822953372985214
Gymshark Rest Day Oversized Tee Beige,2026-01,8,11.964021045106938,12,3.9640210451069375
Gymshark Sport Jogger Gris Oxford,2026-01,6,4.750469801025543,5,1.2495301989744574
Gymshark Training Zip Jacket Azul Marino,2026-01,14,8.876755007765652,9,5.123244992234348
Gymshark Vital Seamless Top Verde,2026-01,9,8.84989298095795,9,0.15010701904204993
Harbinger Ab Straps Negro,2026-01,6,2.9806640641673865,3,3.0193359358326135
Harbinger Ankle Cuff Pair Negro,2026-01,6,11.959094094625495,12,5.959094094625495
Harbinger Balance Pad Azul,2026-01,15,8.967889700034453,9,6.032110299965547
Harbinger Bar Pad Negro,2026-01,10,6.788969528910745,7,3.2110304710892548
Harbinger Cable Attachment Rope Negro,2026-01,12,7.805362221966626,8,4.194637778033374
Harbinger Carabiner Clips Set Plateado,2026-01,4,8.930850055723871,9,4.930850055723871
Harbinger Chalk Ball Blanco,2026-01,12,8.996096611108772,9,3.003903388891228
Harbinger Core Sliders Negro,2026-01,14,17.893572719957415,18,3.8935727199574153
Harbinger Core Stability Ball Gris,2026-01,8,8.27061174711531,8,0.27061174711531066
Harbinger D Handle Grip Negro,2026-01,4,2.585351312809584,3,1.4146486871904158
Harbinger Door Anchor Negro,2026-01,10,7.230499086756197,7,2.769500913243803
Harbinger Drawstring Bag Rojo,2026-01,6,2.3748234337854193,2,3.6251765662145807
Harbinger Duffel Bag Negro,2026-01,13,8.842759295342894,9,4.157240704657106
Harbinger Durafoam Mat Negro,2026-01,11,6.93240422650795,7,4.06759577349205
Harbinger Elastic Wrist Wraps Negro,2026-01,6,9.793807972942128,10,3.793807972942128
Harbinger Elbow Sleeves Negro,2026-01,2,7.102192494226588,7,5.102192494226588
Harbinger Figure 8 Lifting Straps Negro,2026-01,4,7.865449795077304,8,3.8654497950773044
Harbinger Foam Core Belt Gris,2026-01,7,5.532735234043036,6,1.4672647659569638
Harbinger Forearm Roller Negro,2026-01,2,7.791731872853557,8,5.791731872853557
Harbinger Gym Towel Negro,2026-01,10,8.22416475028258,8,1.7758352497174208
Harbinger Hand Grip Trainer Negro,2026-01,30,23.9113749380996,24,6.088625061900402
Harbinger Hip Band Verde,2026-01,12,11.550625174212025,12,0.4493748257879755
Harbinger Knee Sleeves 5mm Negro,2026-01,4,6.675269319644437,7,2.6752693196444373
Harbinger Lacrosse Massage Ball Negro,2026-01,9,8.601680070687154,9,0.3983199293128461
Harbinger Lat Pulldown Bar Cromado,2026-01,1,2.296938344404194,2,1.296938344404194
Harbinger Lifting Chain Collars Negro,2026-01,2,4.113787923924655,4,2.1137879239246553
Harbinger Liquid Chalk 250 ml Blanco,2026-01,9,7.55291885481954,8,1.4470811451804604
Harbinger Massage Roller Negro,2026-01,13,11.114479505446953,11,1.885520494553047
Harbinger Mini Band Set Multicolor,2026-01,32,22.635289233275667,23,9.364710766724333
Harbinger Padded Cotton Lifting Straps Negro,2026-01,26,23.537091447935953,24,2.4629085520640466
Harbinger Power Lifting Belt Negro,2026-01,6,4.970195710441436,5,1.0298042895585642
Harbinger Pro Wristwrap Gloves Negro,2026-01,20,17.270528326942735,17,2.7294716730572652
Harbinger Push Up Pro Handles Negro,2026-01,3,4.344062451841807,4,1.3440624518418067
Harbinger Red Line Knee Wraps Rojo,2026-01,10,10.265854204874854,10,0.265854204874854
Harbinger Resistance Band Heavy Negro,2026-01,18,26.6674322813239,27,8.6674322813239
Harbinger Resistance Band Light Amarillo,2026-01,6,12.517978934390314,13,6.517978934390314
Harbinger Resistance Band Medium Rojo,2026-01,7,5.889879171671367,6,1.1101208283286326
Harbinger Shaker Bottle 700 ml Negro,2026-01,8,6.5704104601929965,7,1.4295895398070035
Harbinger Speed Agility Cones Naranja,2026-01,3,4.755931621225237,5,1.755931621225237
Harbinger Speed Rope Negro,2026-01,31,23.524647871078805,24,7.475352128921195
Harbinger Stainless Shaker 750 ml Plateado,2026-01,11,6.764936624449247,7,4.235063375550753
Harbinger Stretch Strap Azul,2026-01,3,23.29777755902846,23,20.29777755902846
Harbinger Training Grip Gloves Gris,2026-01,11,8.172996430813516,8,2.827003569186484
Harbinger Training Log Book Negro,2026-01,7,7.285957759215861,7,0.28595775921586064
Harbinger Training Towel Gris,2026-01,13,8.142156190735859,8,4.857843809264141
Harbinger Triceps V Bar Cromado,2026-01,12,10.39748139674213,10,1.6025186032578702
Harbinger Weighted Jump Rope Gris,2026-01,11,8.824276179645915,9,2.1757238203540847
Harbinger Weightlifting Hooks Negro,2026-01,0,2.5798277708926527,3,2.5798277708926527
Harbinger Wrist Roller Kit Negro,2026-01,2,8.153513300628031,8,6.153513300628031
Harbinger Yoga Block Gris,2026-01,6,2.1655464368047066,2,3.8344535631952934
MuscleTech 100 Percent Whey Chocolate 5 lb,2026-01,12,14.35236710901375,14,2.35236710901375
MuscleTech Amino Build Orange Mango,2026-01,21,28.022137626232407,28,7.022137626232407
MuscleTech Clear Muscle 84 caps,2026-01,3,6.675923478683959,7,3.675923478683959
MuscleTech Collagen Peptides Unflavored 300 g,2026-01,21,11.255660400373811,11,9.744339599626189
MuscleTech EAA Hydration Blue Raspberry,2026-01,27,31.354306767536777,31,4.354306767536777
MuscleTech Glutamine Plus 300 g,2026-01,6,6.273093284927164,6,0.2730932849271639
MuscleTech Grass Fed Whey Vanilla 2 lb,2026-01,14,11.795290364698086,12,2.2047096353019136
MuscleTech Hydroxycut Hardcore 100 caps,2026-01,16,22.7849902998872,23,6.784990299887198
MuscleTech Mass Tech Extreme Chocolate 7 lb,2026-01,39,35.061768713370085,35,3.9382312866299145
MuscleTech NitroTech Chocolate 4 lb,2026-01,10,12.52517148015723,13,2.52517148015723
MuscleTech NitroTech Vanilla 4 lb,2026-01,19,11.732153812723476,12,7.267846187276524
MuscleTech Platinum Creatine 400 g,2026-01,27,31.118769660894678,31,4.118769660894678
MuscleTech Platinum Multivitamin 90 tabs,2026-01,16,16.996239847767878,17,0.9962398477678782
MuscleTech Protein Cookie Chocolate Chip,2026-01,11,14.02239030406038,14,3.02239030406038
MuscleTech Test HD 90 caps,2026-01,9,8.659895622132602,9,0.340104377867398
MuscleTech Vapor X5 Fruit Punch,2026-01,4,9.562404193447536,10,5.562404193447536
Optimum Nutrition Amino Energy Blue Raspberry 270 g,2026-01,10,7.502363584988497,8,2.4976364150115034
Optimum Nutrition Amino Energy Watermelon 270 g,2026-01,12,7.771288942565978,8,4.228711057434022
Optimum Nutrition BCAA 1000 Caps 200 caps,2026-01,11,17.121681888429624,17,6.121681888429624
Optimum Nutrition Casein Chocolate Supreme 2 lb,2026-01,19,19.735156140943868,20,0.735156140943868
Optimum Nutrition Electrolyte Mix Lemon Lime,2026-01,16,24.81164770523442,25,8.81164770523442
Optimum Nutrition Fish Oil 100 caps,2026-01,37,41.952709325396796,42,4.952709325396796
Optimum Nutrition Glutamine Powder 300 g,2026-01,11,14.244967577273815,14,3.2449675772738154
Optimum Nutrition Gold Standard Pre Workout Fruit Punch,2026-01,14,12.003342628508946,12,1.9966573714910538
Optimum Nutrition Hydrowhey Turbo Chocolate 1.6 lb,2026-01,23,26.616454349021186,27,3.6164543490211862
Optimum Nutrition Micronized Creatine 300 g,2026-01,27,19.693300634479584,20,7.306699365520416
Optimum Nutrition Opti Men 90 tabs,2026-01,14,11.374463695114171,11,2.625536304885829
Optimum Nutrition Opti Women 60 caps,2026-01,52,39.548422619047614,40,12.451577380952386
Optimum Nutrition Plant Protein Vanilla 1.5 lb,2026-01,16,19.962392952062952,20,3.9623929520629524
Optimum Nutrition Serious Mass Chocolate 6 lb,2026-01,8,8.419575562191119,8,0.4195755621911186
Optimum Nutrition Whey Gold Cookies Cream 5 lb,2026-01,21,20.49929400782613,20,0.5007059921738701
Optimum Nutrition Whey Gold Double Chocolate 2 lb,2026-01,4,4.044004591558999,4,0.04400459155899927
Optimum Nutrition Whey Gold Vanilla Ice Cream 2 lb,2026-01,6,12.4577469286087,12,6.4577469286086995
Playera Fit Training,2026-01,16,15.243988645906661,15,0.7560113540933386
Playera Training Dry Fit,2026-01,4,10.743264322795756,11,6.743264322795756
Pre-entreno C4 Original 30 servicios,2026-01,30,32.450776575276585,32,2.450776575276585
Pre-entreno C4 Ripped,2026-01,14,19.77974751411268,20,5.779747514112682
Proteína Whey Gold Standard 5 lb,2026-01,26,30.962206306153938,31,4.962206306153938
Prueba,2026-01,5,4.673711931025924,5,0.32628806897407614
Short Deportivo Performance,2026-01,8,6.119065195109628,6,1.880934804890372
YoungLA Block Party Tee Negro,2026-01,42,36.77100487706737,37,5.228995122932631
YoungLA Classic Cutoff Verde Olivo,2026-01,9,7.011600312788654,7,1.9883996872113459
YoungLA Compression Tee Rojo,2026-01,16,17.6225108226297,18,1.6225108226296996
YoungLA Core Tank Blanco,2026-01,15,10.361498146559583,10,4.638501853440417
YoungLA Essential Sweatpants Gris,2026-01,13,11.079276249266659,11,1.920723750733341
YoungLA Immortal Joggers Gris,2026-01,21,18.947237546112653,19,2.052762453887347
YoungLA Lift Shorts Gris,2026-01,15,16.90738673974461,17,1.9073867397446094
YoungLA Minimal Sports Bra Lila,2026-01,14,11.925986196174838,12,2.074013803825162
YoungLA Motion Jacket Negro,2026-01,11,8.595082021107347,9,2.4049179788926534
YoungLA Perfect Shorts Azul,2026-01,12,8.63252981783059,9,3.3674701821694093
YoungLA Performance Polo Negro,2026-01,10,8.566187392432097,9,1.4338126075679032
YoungLA Pump Cover Tee Blanco,2026-01,7,15.84552387324463,16,8.84552387324463
YoungLA Ribbed Leggings Negro,2026-01,12,8.723421373833668,9,3.276578626166332
YoungLA Thermal Long Sleeve Azul Marino,2026-01,0,5.004403488601553,5,5.004403488601553
YoungLA Training Stringer Negro,2026-01,12,10.677412509783249,11,1.3225874902167511
YoungLA Varsity Hoodie Verde,2026-01,10,11.227541444286482,11,1.2275414442864818
Adidas Aeroready Tank Negro,2026-02,36,26.996514436631763,27,9.003485563368237
Adidas Core Cotton Tank Negro,2026-02,7,2.7660384788892767,3,4.233961521110723
Adidas Designed 4 Training Tee Negro,2026-02,1,8.985439201304057,9,7.985439201304057
Adidas Entrada Jacket Azul Marino,2026-02,14,8.539356526276455,9,5.460643473723545
Adidas Essentials Hoodie Gris,2026-02,11,8.753430951351037,9,2.246569048648963
Adidas HIIT Training Shorts Negro,2026-02,10,8.43994774629418,8,1.5600522537058197
Adidas Optime Training Leggings Morado,2026-02,4,7.7723211368544325,8,3.7723211368544325
Adidas Own The Run Tee Verde,2026-02,16,8.172529097110354,8,7.827470902889646
Adidas Powerreact Sports Bra Rosa,2026-02,16,8.080447128583932,8,7.919552871416068
Adidas Primeblue Track Pants Azul,2026-02,8,8.93210935843024,9,0.9321093584302407
Adidas Strength Graphic Tee Rojo,2026-02,35,22.29338562483026,22,12.706614375169739
Adidas Techfit Compression Shirt Blanco,2026-02,37,25.281305967628096,25,11.718694032371904
Adidas Tiro Training Pants Negro,2026-02,20,10.661539034512042,11,9.338460965487958
Adidas Train Essentials Shorts Azul,2026-02,21,12.041903352786004,12,8.958096647213996
Adidas Training Long Sleeve Verde Olivo,2026-02,13,10.589792627477188,11,2.4102073725228124
Adidas Yoga Studio Tee Blanco,2026-02,15,9.428182264000743,9,5.571817735999257
Adidas ZNE Sweatshirt Gris,2026-02,17,17.163344648617677,17,0.16334464861767728
Amino Energy BCAA 270 g,2026-02,52,42.780626984126975,43,9.219373015873025
Cellucor Alpha Amino Lemon Lime,2026-02,10,10.438513198711451,10,0.4385131987114512
Cellucor BCAA Sport Watermelon 270 g,2026-02,21,21.332106117928628,21,0.3321061179286282
Cellucor C4 Energy Drink Pack 12 piezas,2026-02,12,14.061253089513155,14,2.061253089513155
Cellucor C4 Original Fruit Punch,2026-02,28,27.850571021730293,28,0.14942897826970736
Cellucor C4 Original Icy Blue Razz,2026-02,5,12.070523113209363,12,7.070523113209363
Cellucor C4 Ripped Arctic Snow Cone,2026-02,13,11.112580387896376,11,1.8874196121036242
Cellucor C4 Smart Energy Peach Mango,2026-02,19,14.283137969777277,14,4.716862030222723
Cellucor C4 Ultimate Cherry Limeade,2026-02,8,9.703162651590208,10,1.7031626515902083
Cellucor CLA 90 Softgels,2026-02,13,14.810270833511966,15,1.8102708335119662
Cellucor Cor Performance Whey Chocolate,2026-02,19,21.12236520193561,21,2.1223652019356116
Cellucor Cor Performance Whey Vanilla,2026-02,11,16.05947577323233,16,5.059475773232329
Cellucor Creatine Monohydrate 300 g,2026-02,37,23.433973409177092,23,13.566026590822908
Cellucor Hydration Stick Lemon 20 sobres,2026-02,22,22.62135907941492,23,0.6213590794149191
Cellucor Isolate Protein Chocolate 2 lb,2026-02,26,36.54721969696969,37,10.547219696969691
Cellucor Post Workout Recovery Berry,2026-02,13,12.255847224457705,12,0.744152775542295
Cellucor Super HD 60 caps,2026-02,15,18.936679559684947,19,3.936679559684947
Cellucor Whey Cinnamon Swirl 2 lb,2026-02,20,19.32175501928644,19,0.6782449807135613
Creatina Monohidratada 300 g,2026-02,30,31.917277350851567,32,1.9172773508515668
Guantes de Entrenamiento Pro,2026-02,8,10.4755131958782,10,2.4755131958782
Gymshark Adapt Leggings Negro,2026-02,18,15.247495434589759,15,2.7525045654102414
Gymshark Apex Training Tee Blanco,2026-02,8,13.907901636230733,14,5.907901636230733
Gymshark Apex Training Tee Negro,2026-02,11,9.0500224603876,9,1.9499775396123997
Gymshark Arrival Shorts Negro,2026-02,4,10.432918347009393,10,6.432918347009393
Gymshark Crest Hoodie Gris,2026-02,15,8.53899512711866,9,6.46100487288134
Gymshark Critical Drop Arm Tank Negro,2026-02,11,5.680436452355446,6,5.319563547644554
Gymshark Everyday Baselayer Blanco,2026-02,5,5.806245115325503,6,0.8062451153255026
Gymshark Legacy Tank Azul,2026-02,6,3.3825218192354822,3,2.6174781807645178
Gymshark Lift Club Tee Verde Olivo,2026-02,6,10.011454929056919,10,4.011454929056919
Gymshark Lightweight Training Pants Gris,2026-02,26,15.959091387761019,16,10.040908612238981
Gymshark Mesh Training Tank Rojo,2026-02,22,28.276546804324084,28,6.276546804324084
Gymshark Performance Long Sleeve Negro,2026-02,5,6.300475927385475,6,1.3004759273854747
Gymshark Power Sports Bra Rosa,2026-02,10,5.902475889047534,6,4.097524110952466
Gymshark Rest Day Oversized Tee Beige,2026-02,20,12.736009451634928,13,7.263990548365072
Gymshark Sport Jogger Gris Oxford,2026-02,8,4.803914488275427,5,3.196085511724573
Gymshark Training Zip Jacket Azul Marino,2026-02,5,10.031083270759583,10,5.0310832707595825
Gymshark Vital Seamless Top Verde,2026-02,11,9.312685855575133,9,1.6873141444248674
Harbinger Ab Straps Negro,2026-02,6,3.0799969769962776,3,2.9200030230037224
Harbinger Ankle Cuff Pair Negro,2026-02,10,11.934911342594598,12,1.9349113425945976
Harbinger Balance Pad Azul,2026-02,11,9.498831785208061,9,1.5011682147919387
Harbinger Bar Pad Negro,2026-02,8,7.403313285707932,7,0.5966867142920682
Harbinger Cable Attachment Rope Negro,2026-02,12,8.33805243173725,8,3.6619475682627503
Harbinger Carabiner Clips Set Plateado,2026-02,17,8.199418294621275,8,8.800581705378725
Harbinger Chalk Ball Blanco,2026-02,9,9.61662999348612,10,0.6166299934861197
Harbinger Core Sliders Negro,2026-02,16,15.08537416779509,15,0.9146258322049103
Harbinger Core Stability Ball Gris,2026-02,7,8.16306857013516,8,1.1630685701351595
Harbinger D Handle Grip Negro,2026-02,7,3.4101369210039407,3,3.5898630789960593
Harbinger Door Anchor Negro,2026-02,13,8.299112477770015,8,4.700887522229985
Harbinger Drawstring Bag Rojo,2026-02,5,3.6616024799461964,4,1.3383975200538036
Harbinger Duffel Bag Negro,2026-02,17,10.765512121667925,11,6.234487878332075
Harbinger Durafoam Mat Negro,2026-02,10,8.730655484653001,9,1.269344515346999
Harbinger Elastic Wrist Wraps Negro,2026-02,12,8.455077161954886,8,3.544922838045114
Harbinger Elbow Sleeves Negro,2026-02,11,6.9296680142962295,7,4.0703319857037705
Harbinger Figure 8 Lifting Straps Negro,2026-02,4,8.78258624020233,9,4.782586240202329
Harbinger Foam Core Belt Gris,2026-02,10,5.52502836640719,6,4.47497163359281
Harbinger Forearm Roller Negro,2026-02,10,8.158511104631529,8,1.841488895368471
Harbinger Gym Towel Negro,2026-02,17,8.612988500303736,9,8.387011499696264
Harbinger Hand Grip Trainer Negro,2026-02,32,24.05997427597415,24,7.940025724025851
Harbinger Hip Band Verde,2026-02,12,7.521989307002596,8,4.478010692997404
Harbinger Knee Sleeves 5mm Negro,2026-02,12,6.520911465384737,7,5.479088534615263
Harbinger Lacrosse Massage Ball Negro,2026-02,9,7.92999201188481,8,1.07000798811519
Harbinger Lat Pulldown Bar Cromado,2026-02,4,2.5271572919507594,3,1.4728427080492406
Harbinger Lifting Chain Collars Negro,2026-02,5,3.6447767542530367,4,1.3552232457469633
Harbinger Liquid Chalk 250 ml Blanco,2026-02,9,8.077668947726062,8,0.9223310522739379
Harbinger Massage Roller Negro,2026-02,14,10.60195528948583,11,3.3980447105141707
Harbinger Mini Band Set Multicolor,2026-02,8,23.16739696524342,23,15.16739696524342
Harbinger Padded Cotton Lifting Straps Negro,2026-02,37,24.274124073039097,24,12.725875926960903
Harbinger Power Lifting Belt Negro,2026-02,6,7.012129266833697,7,1.0121292668336972
Harbinger Pro Wristwrap Gloves Negro,2026-02,21,18.50577715327307,19,2.494222846726931
Harbinger Push Up Pro Handles Negro,2026-02,3,3.7181528181800165,4,0.7181528181800165
Harbinger Red Line Knee Wraps Rojo,2026-02,11,7.448553084238574,7,3.551446915761426
Harbinger Resistance Band Heavy Negro,2026-02,26,21.400842386026305,21,4.599157613973695
Harbinger Resistance Band Light Amarillo,2026-02,14,11.881191727778344,12,2.1188082722216564
Harbinger Resistance Band Medium Rojo,2026-02,9,6.412554592817261,6,2.587445407182739
Harbinger Shaker Bottle 700 ml Negro,2026-02,22,6.8149292149636995,7,15.1850707850363
Harbinger Speed Agility Cones Naranja,2026-02,4,4.838487465641425,5,0.8384874656414247
Harbinger Speed Rope Negro,2026-02,27,21.970584505123934,22,5.029415494876066
Harbinger Stainless Shaker 750 ml Plateado,2026-02,30,7.605793916408357,8,22.394206083591644
Harbinger Stretch Strap Azul,2026-02,17,22.17758068075714,22,5.1775806807571385
Harbinger Training Grip Gloves Gris,2026-02,14,8.219342712404556,8,5.780657287595444
Harbinger Training Log Book Negro,2026-02,9,7.878507664798023,8,1.1214923352019772
Harbinger Training Towel Gris,2026-02,23,8.683136436360925,9,14.316863563639075
Harbinger Triceps V Bar Cromado,2026-02,8,11.21136823466656,11,3.21136823466656
Harbinger Weighted Jump Rope Gris,2026-02,18,9.515442594105501,10,8.484557405894499
Harbinger Weightlifting Hooks Negro,2026-02,5,2.1246948370823033,2,2.8753051629176967
Harbinger Wrist Roller Kit Negro,2026-02,12,7.334332618991647,7,4.665667381008353
Harbinger Yoga Block Gris,2026-02,5,2.839418283180282,3,2.160581716819718
MuscleTech 100 Percent Whey Chocolate 5 lb,2026-02,6,13.799761968613081,14,7.7997619686130815
MuscleTech Amino Build Orange Mango,2026-02,32,22.76776133177657,23,9.232238668223431
MuscleTech Clear Muscle 84 caps,2026-02,7,5.678108360020311,6,1.3218916399796887
MuscleTech Collagen Peptides Unflavored 300 g,2026-02,14,16.43422675403235,16,2.4342267540323483
MuscleTech EAA Hydration Blue Raspberry,2026-02,23,27.22840396304335,27,4.228403963043348
MuscleTech Glutamine Plus 300 g,2026-02,10,6.570408070057521,7,3.429591929942479
MuscleTech Grass Fed Whey Vanilla 2 lb,2026-02,14,13.668649385878886,14,0.33135061412111355
MuscleTech Hydroxycut Hardcore 100 caps,2026-02,17,19.29320479124619,19,2.2932047912461897
MuscleTech Mass Tech Extreme Chocolate 7 lb,2026-02,29,36.375354617604614,36,7.375354617604614
MuscleTech NitroTech Chocolate 4 lb,2026-02,18,12.503647176901161,13,5.496352823098839
MuscleTech NitroTech Vanilla 4 lb,2026-02,16,13.476507927602201,13,2.523492072397799
MuscleTech Platinum Creatine 400 g,2026-02,46,33.13891635937591,33,12.861083640624088
MuscleTech Platinum Multivitamin 90 tabs,2026-02,18,15.513927330736603,16,2.4860726692633968
MuscleTech Protein Cookie Chocolate Chip,2026-02,12,12.864013056252718,13,0.864013056252718
MuscleTech Test HD 90 caps,2026-02,9,8.843322290915703,9,0.15667770908429723
MuscleTech Vapor X5 Fruit Punch,2026-02,11,8.08480140161945,8,2.9151985983805506
Optimum Nutrition Amino Energy Blue Raspberry 270 g,2026-02,7,8.12960944627467,8,1.1296094462746709
Optimum Nutrition Amino Energy Watermelon 270 g,2026-02,13,10.34577165869457,10,2.65422834130543
Optimum Nutrition BCAA 1000 Caps 200 caps,2026-02,10,15.004131803386759,15,5.004131803386759
Optimum Nutrition Casein Chocolate Supreme 2 lb,2026-02,22,18.12934664038748,18,3.8706533596125183
Optimum Nutrition Electrolyte Mix Lemon Lime,2026-02,18,22.023794760606314,22,4.0237947606063145
Optimum Nutrition Fish Oil 100 caps,2026-02,32,40.71862301587301,41,8.718623015873007
Optimum Nutrition Glutamine Powder 300 g,2026-02,12,11.18000485051531,11,0.81999514948469
Optimum Nutrition Gold Standard Pre Workout Fruit Punch,2026-02,13,12.790338461669432,13,0.20966153833056822
Optimum Nutrition Hydrowhey Turbo Chocolate 1.6 lb,2026-02,27,21.936221593244287,22,5.063778406755713
Optimum Nutrition Micronized Creatine 300 g,2026-02,25,18.650746839501767,19,6.3492531604982325
Optimum Nutrition Opti Men 90 tabs,2026-02,13,11.8284228520258,12,1.1715771479741992
Optimum Nutrition Opti Women 60 caps,2026-02,41,43.293828373015884,43,2.2938283730158844
Optimum Nutrition Plant Protein Vanilla 1.5 lb,2026-02,20,15.75799841197887,16,4.242001588021131
Optimum Nutrition Serious Mass Chocolate 6 lb,2026-02,18,7.254543485566843,7,10.745456514433158
Optimum Nutrition Whey Gold Cookies Cream 5 lb,2026-02,17,21.166741180229014,21,4.166741180229014
Optimum Nutrition Whey Gold Double Chocolate 2 lb,2026-02,8,4.16440449579619,4,3.83559550420381
Optimum Nutrition Whey Gold Vanilla Ice Cream 2 lb,2026-02,15,12.4360659759342,12,2.5639340240657997
Playera Fit Training,2026-02,22,15.866835106248784,16,6.133164893751216
Playera Training Dry Fit,2026-02,7,9.97938602210255,10,2.9793860221025508
Pre-entreno C4 Original 30 servicios,2026-02,32,33.6672058869994,34,1.6672058869993975
Pre-entreno C4 Ripped,2026-02,23,18.068458658483465,18,4.931541341516535
Proteína Whey Gold Standard 5 lb,2026-02,25,28.67740621207424,29,3.6774062120742386
Prueba,2026-02,4,4.034571764745961,4,0.03457176474596135
Short Deportivo Performance,2026-02,8,6.879937184492767,7,1.1200628155072332
YoungLA Block Party Tee Negro,2026-02,34,35.31770418470419,35,1.3177041847041906
YoungLA Classic Cutoff Verde Olivo,2026-02,14,8.953792512243483,9,5.046207487756517
YoungLA Compression Tee Rojo,2026-02,16,17.656995844087007,18,1.6569958440870067
YoungLA Core Tank Blanco,2026-02,9,10.908810075513873,11,1.9088100755138733
YoungLA Essential Sweatpants Gris,2026-02,17,9.304497226673618,9,7.695502773326382
YoungLA Immortal Joggers Gris,2026-02,27,20.948503958057778,21,6.051496041942222
YoungLA Lift Shorts Gris,2026-02,16,17.935948759006855,18,1.9359487590068554
YoungLA Minimal Sports Bra Lila,2026-02,17,11.641125097823751,12,5.3588749021762485
YoungLA Motion Jacket Negro,2026-02,13,8.095667928527426,8,4.904332071472574
YoungLA Perfect Shorts Azul,2026-02,11,9.132637720203087,9,1.8673622797969127
YoungLA Performance Polo Negro,2026-02,11,8.62605385601325,9,2.3739461439867497
YoungLA Pump Cover Tee Blanco,2026-02,22,14.595858463112208,15,7.404141536887792
YoungLA Ribbed Leggings Negro,2026-02,13,9.864264676448801,10,3.1357353235511987
YoungLA Thermal Long Sleeve Azul Marino,2026-02,7,4.086066299479472,4,2.913933700520528
YoungLA Training Stringer Negro,2026-02,8,9.990808575539095,10,1.990808575539095
YoungLA Varsity Hoodie Verde,2026-02,8,12.344203706982952,12,4.344203706982952
Adidas Aeroready Tank Negro,2026-03,38,27.17450665893014,27,10.825493341069858
Adidas Core Cotton Tank Negro,2026-03,7,3.947140948809172,4,3.052859051190828
Adidas Designed 4 Training Tee Negro,2026-03,14,8.779687657992696,9,5.220312342007304
Adidas Entrada Jacket Azul Marino,2026-03,11,8.611732842695396,9,2.388267157304604
Adidas Essentials Hoodie Gris,2026-03,13,8.631908023538681,9,4.368091976461319
Adidas HIIT Training Shorts Negro,2026-03,11,9.062646124546134,9,1.9373538754538657
Adidas Optime Training Leggings Morado,2026-03,13,6.925716797752696,7,6.074283202247304
Adidas Own The Run Tee Verde,2026-03,9,11.102230008537218,11,2.1022300085372176
Adidas Powerreact Sports Bra Rosa,2026-03,13,10.813152610964003,11,2.1868473890359965
Adidas Primeblue Track Pants Azul,2026-03,12,8.405141134451931,8,3.594858865548069
Adidas Strength Graphic Tee Rojo,2026-03,42,23.88525028630116,24,18.11474971369884
Adidas Techfit Compression Shirt Blanco,2026-03,23,28.000654546897813,28,5.000654546897813
Adidas Tiro Training Pants Negro,2026-03,11,21.45278506572508,21,10.452785065725081
Adidas Train Essentials Shorts Azul,2026-03,16,16.340441414168822,16,0.3404414141688221
Adidas Training Long Sleeve Verde Olivo,2026-03,16,11.185005554348637,11,4.814994445651363
Adidas Yoga Studio Tee Blanco,2026-03,7,12.940492468373082,13,5.9404924683730815
Adidas ZNE Sweatshirt Gris,2026-03,12,16.296635261506314,16,4.296635261506314
Amino Energy BCAA 270 g,2026-03,51,42.64559722222222,43,8.354402777777779
Cellucor Alpha Amino Lemon Lime,2026-03,13,10.018210024516987,10,2.9817899754830126
Cellucor BCAA Sport Watermelon 270 g,2026-03,24,22.18393273686173,22,1.8160672631382688
Cellucor C4 Energy Drink Pack 12 piezas,2026-03,17,13.50122373088356,14,3.4987762691164406
Cellucor C4 Original Fruit Punch,2026-03,35,25.3277085481918,25,9.6722914518082
Cellucor C4 Original Icy Blue Razz,2026-03,19,11.35507736769242,11,7.64492263230758
Cellucor C4 Ripped Arctic Snow Cone,2026-03,16,11.434227392173852,11,4.565772607826148
Cellucor C4 Smart Energy Peach Mango,2026-03,12,14.377280654392692,14,2.377280654392692
Cellucor C4 Ultimate Cherry Limeade,2026-03,11,8.20057534941716,8,2.7994246505828393
Cellucor CLA 90 Softgels,2026-03,15,13.09086390888283,13,1.9091360911171709
Cellucor Cor Performance Whey Chocolate,2026-03,17,18.847214841058534,19,1.847214841058534
Cellucor Cor Performance Whey Vanilla,2026-03,20,14.72159792801649,15,5.2784020719835105
Cellucor Creatine Monohydrate 300 g,2026-03,39,29.78085728589825,30,9.21914271410175
Cellucor Hydration Stick Lemon 20 sobres,2026-03,30,23.083390831497596,23,6.916609168502404
Cellucor Isolate Protein Chocolate 2 lb,2026-03,38,34.454021904101644,34,3.5459780958983558
Cellucor Post Workout Recovery Berry,2026-03,15,11.80263879148083,12,3.1973612085191707
Cellucor Super HD 60 caps,2026-03,27,23.657635343829675,24,3.342364656170325
Cellucor Whey Cinnamon Swirl 2 lb,2026-03,23,20.989323869102435,21,2.010676130897565
Creatina Monohidratada 300 g,2026-03,27,31.529620115491173,32,4.5296201154911735
Guantes de Entrenamiento Pro,2026-03,19,10.475503615803406,10,8.524496384196594
Gymshark Adapt Leggings Negro,2026-03,25,15.853775875914,16,9.146224124086
Gymshark Apex Training Tee Blanco,2026-03,14,12.670539497685148,13,1.329460502314852
Gymshark Apex Training Tee Negro,2026-03,13,9.619551649194662,10,3.380448350805338
Gymshark Arrival Shorts Negro,2026-03,14,9.184821216011722,9,4.815178783988278
Gymshark Crest Hoodie Gris,2026-03,13,11.733878400562281,12,1.266121599437719
Gymshark Critical Drop Arm Tank Negro,2026-03,5,8.298453293656094,8,3.2984532936560935
Gymshark Everyday Baselayer Blanco,2026-03,9,5.35818663924529,5,3.6418133607547096
Gymshark Legacy Tank Azul,2026-03,4,4.227409065723861,4,0.22740906572386077
Gymshark Lift Club Tee Verde Olivo,2026-03,15,8.280419954868275,8,6.719580045131725
Gymshark Lightweight Training Pants Gris,2026-03,15,21.924481622395714,22,6.924481622395714
Gymshark Mesh Training Tank Rojo,2026-03,44,28.654506729257605,29,15.345493270742395
Gymshark Performance Long Sleeve Negro,2026-03,7,4.251540698013385,4,2.748459301986615
Gymshark Power Sports Bra Rosa,2026-03,13,7.0406451161251775,7,5.9593548838748225
Gymshark Rest Day Oversized Tee Beige,2026-03,18,19.05636255720585,19,1.0563625572058513
Gymshark Sport Jogger Gris Oxford,2026-03,8,6.227222441276873,6,1.772777558723127
Gymshark Training Zip Jacket Azul Marino,2026-03,11,9.028302797749465,9,1.9716972022505352
Gymshark Vital Seamless Top Verde,2026-03,16,10.161770445075918,10,5.838229554924082
Harbinger Ab Straps Negro,2026-03,15,4.535093069511215,5,10.464906930488784
Harbinger Ankle Cuff Pair Negro,2026-03,16,11.467168819518875,11,4.532831180481125
Harbinger Balance Pad Azul,2026-03,18,9.717712302364651,10,8.282287697635349
Harbinger Bar Pad Negro,2026-03,3,6.23623853887915,6,3.2362385388791504
Harbinger Cable Attachment Rope Negro,2026-03,11,7.325577742412765,7,3.674422257587235
Harbinger Carabiner Clips Set Plateado,2026-03,16,9.844471074102978,10,6.155528925897022
Harbinger Chalk Ball Blanco,2026-03,8,9.710687884055078,10,1.710687884055078
Harbinger Core Sliders Negro,2026-03,21,17.93251992033899,18,3.06748007966101
Harbinger Core Stability Ball Gris,2026-03,9,7.567661881806098,8,1.4323381181939023
Harbinger D Handle Grip Negro,2026-03,11,3.993135545749144,4,7.006864454250856
Harbinger Door Anchor Negro,2026-03,20,8.380072359932292,8,11.619927640067708
Harbinger Drawstring Bag Rojo,2026-03,4,4.833542834880492,5,0.8335428348804923
Harbinger Duffel Bag Negro,2026-03,20,9.069536348677845,9,10.930463651322155
Harbinger Durafoam Mat Negro,2026-03,21,8.786395990539269,9,12.213604009460731
Harbinger Elastic Wrist Wraps Negro,2026-03,17,9.32708991855423,9,7.672910081445769
Harbinger Elbow Sleeves Negro,2026-03,13,8.103162962629693,8,4.896837037370307
Harbinger Figure 8 Lifting Straps Negro,2026-03,2,7.8646486530910265,8,5.8646486530910265
Harbinger Foam Core Belt Gris,2026-03,10,8.139960002854126,8,1.8600399971458739
Harbinger Forearm Roller Negro,2026-03,9,7.137436867393811,7,1.8625631326061889
Harbinger Gym Towel Negro,2026-03,16,7.9819093984240785,8,8.01809060157592
Harbinger Hand Grip Trainer Negro,2026-03,41,23.56447230622864,24,17.43552769377136
Harbinger Hip Band Verde,2026-03,16,10.976020551174487,11,5.0239794488255125
Harbinger Knee Sleeves 5mm Negro,2026-03,10,9.57640071027666,10,0.4235992897233398
Harbinger Lacrosse Massage Ball Negro,2026-03,18,7.718889496166732,8,10.281110503833268
Harbinger Lat Pulldown Bar Cromado,2026-03,5,2.226860430387823,2,2.773139569612177
Harbinger Lifting Chain Collars Negro,2026-03,5,3.5648211157416885,4,1.4351788842583115
Harbinger Liquid Chalk 250 ml Blanco,2026-03,8,8.5846567286475,9,0.5846567286475004
Harbinger Massage Roller Negro,2026-03,19,10.075897221737725,10,8.924102778262275
Harbinger Mini Band Set Multicolor,2026-03,37,26.84148902642561,27,10.15851097357439
Harbinger Padded Cotton Lifting Straps Negro,2026-03,28,25.49524497869819,25,2.5047550213018113
Harbinger Power Lifting Belt Negro,2026-03,14,7.21859315099671,7,6.78140684900329
Harbinger Pro Wristwrap Gloves Negro,2026-03,41,17.312844404589736,17,23.687155595410264
Harbinger Push Up Pro Handles Negro,2026-03,9,4.004887821032601,4,4.995112178967399
Harbinger Red Line Knee Wraps Rojo,2026-03,27,6.731433481790999,7,20.268566518209
Harbinger Resistance Band Heavy Negro,2026-03,21,25.303941837624897,25,4.3039418376248975
Harbinger Resistance Band Light Amarillo,2026-03,17,11.305752226057761,11,5.694247773942239
Harbinger Resistance Band Medium Rojo,2026-03,10,8.176304779563047,8,1.823695220436953
Harbinger Shaker Bottle 700 ml Negro,2026-03,27,24.31608757215008,24,2.6839124278499185
Harbinger Speed Agility Cones Naranja,2026-03,2,5.128496111996145,5,3.128496111996145
Harbinger Speed Rope Negro,2026-03,27,23.954969742132253,24,3.0450302578677473
Harbinger Stainless Shaker 750 ml Plateado,2026-03,33,25.394145833333347,25,7.605854166666653
Harbinger Stretch Strap Azul,2026-03,25,20.637513670935547,21,4.362486329064453
Harbinger Training Grip Gloves Gris,2026-03,17,7.853743212067838,8,9.146256787932163
Harbinger Training Log Book Negro,2026-03,10,7.683638527925215,8,2.316361472074785
Harbinger Training Towel Gris,2026-03,16,22.88272013546798,23,6.882720135467981
Harbinger Triceps V Bar Cromado,2026-03,9,11.65599633199429,12,2.65599633199429
Harbinger Weighted Jump Rope Gris,2026-03,21,9.37928200172579,9,11.62071799827421
Harbinger Weightlifting Hooks Negro,2026-03,6,2.9857548346781493,3,3.0142451653218507
Harbinger Wrist Roller Kit Negro,2026-03,15,7.97441141991202,8,7.02558858008798
Harbinger Yoga Block Gris,2026-03,11,4.77793488918351,5,6.22206511081649
MuscleTech 100 Percent Whey Chocolate 5 lb,2026-03,14,13.057129798846756,13,0.9428702011532444
MuscleTech Amino Build Orange Mango,2026-03,30,25.721520878325492,26,4.278479121674508
MuscleTech Clear Muscle 84 caps,2026-03,4,6.27931300546983,6,2.27931300546983
MuscleTech Collagen Peptides Unflavored 300 g,2026-03,7,14.499854206549394,14,7.499854206549394
MuscleTech EAA Hydration Blue Raspberry,2026-03,41,28.13836748450201,28,12.861632515497991
MuscleTech Glutamine Plus 300 g,2026-03,20,7.782659359196011,8,12.21734064080399
MuscleTech Grass Fed Whey Vanilla 2 lb,2026-03,19,12.080417749933083,12,6.919582250066917
MuscleTech Hydroxycut Hardcore 100 caps,2026-03,22,20.707170313908613,21,1.2928296860913875
MuscleTech Mass Tech Extreme Chocolate 7 lb,2026-03,38,37.917795425073216,38,0.08220457492678435
MuscleTech NitroTech Chocolate 4 lb,2026-03,21,12.87086036182857,13,8.12913963817143
MuscleTech NitroTech Vanilla 4 lb,2026-03,19,12.097122210055781,12,6.902877789944219
MuscleTech Platinum Creatine 400 g,2026-03,42,30.942569594757114,31,11.057430405242886
MuscleTech Platinum Multivitamin 90 tabs,2026-03,24,15.164997279509814,15,8.835002720490186
MuscleTech Protein Cookie Chocolate Chip,2026-03,20,13.055767176887977,13,6.9442328231120225
MuscleTech Test HD 90 caps,2026-03,9,8.714634893294095,9,0.2853651067059051
MuscleTech Vapor X5 Fruit Punch,2026-03,18,8.447555954966221,8,9.552444045033779
Optimum Nutrition Amino Energy Blue Raspberry 270 g,2026-03,13,8.030123596586943,8,4.969876403413057
Optimum Nutrition Amino Energy Watermelon 270 g,2026-03,19,10.986327876173029,11,8.013672123826971
Optimum Nutrition BCAA 1000 Caps 200 caps,2026-03,30,14.438838103508871,14,15.561161896491129
Optimum Nutrition Casein Chocolate Supreme 2 lb,2026-03,21,19.504628693417,20,1.4953713065829994
Optimum Nutrition Electrolyte Mix Lemon Lime,2026-03,26,20.365550305405094,20,5.634449694594906
Optimum Nutrition Fish Oil 100 caps,2026-03,37,40.809584325396806,41,3.8095843253968056
Optimum Nutrition Glutamine Powder 300 g,2026-03,16,11.479523153756944,11,4.5204768462430565
Optimum Nutrition Gold Standard Pre Workout Fruit Punch,2026-03,16,12.563892489127909,13,3.436107510872091
Optimum Nutrition Hydrowhey Turbo Chocolate 1.6 lb,2026-03,22,25.467853391299187,25,3.4678533912991867
Optimum Nutrition Micronized Creatine 300 g,2026-03,33,22.584041023809817,23,10.415958976190183
Optimum Nutrition Opti Men 90 tabs,2026-03,16,12.901628199539964,13,3.0983718004600362
Optimum Nutrition Opti Women 60 caps,2026-03,49,41.075275793650775,41,7.924724206349225
Optimum Nutrition Plant Protein Vanilla 1.5 lb,2026-03,11,18.97080463380196,19,7.970804633801961
Optimum Nutrition Serious Mass Chocolate 6 lb,2026-03,12,12.755531336148511,13,0.7555313361485112
Optimum Nutrition Whey Gold Cookies Cream 5 lb,2026-03,27,21.374290070237898,21,5.6257099297621025
Optimum Nutrition Whey Gold Double Chocolate 2 lb,2026-03,8,6.506409558921011,7,1.4935904410789886
Optimum Nutrition Whey Gold Vanilla Ice Cream 2 lb,2026-03,10,12.54743182430943,13,2.547431824309429
Playera Fit Training,2026-03,20,15.737430163371192,16,4.262569836628808
Playera Training Dry Fit,2026-03,11,8.209482730886291,8,2.7905172691137086
Pre-entreno C4 Original 30 servicios,2026-03,43,35.465118706797,35,7.534881293203
Pre-entreno C4 Ripped,2026-03,21,19.19476601226061,19,1.8052339877393884
Proteína Whey Gold Standard 5 lb,2026-03,28,29.788350514364378,30,1.788350514364378
Prueba,2026-03,3,4.5946700250404175,5,1.5946700250404175
Short Deportivo Performance,2026-03,9,7.8541628468684,8,1.1458371531316
YoungLA Block Party Tee Negro,2026-03,29,34.52649351343103,35,5.526493513431028
YoungLA Classic Cutoff Verde Olivo,2026-03,13,8.413450259337623,8,4.586549740662377
YoungLA Compression Tee Rojo,2026-03,21,16.659265114309022,17,4.340734885690978
YoungLA Core Tank Blanco,2026-03,11,10.658097310267536,11,0.3419026897324642
YoungLA Essential Sweatpants Gris,2026-03,8,12.285096299221495,12,4.285096299221495
YoungLA Immortal Joggers Gris,2026-03,32,22.496352107877918,22,9.503647892122082
YoungLA Lift Shorts Gris,2026-03,18,17.244820908690443,17,0.7551790913095573
YoungLA Minimal Sports Bra Lila,2026-03,21,14.532827295410769,15,6.467172704589231
YoungLA Motion Jacket Negro,2026-03,16,10.709555208461593,11,5.290444791538407
YoungLA Perfect Shorts Azul,2026-03,15,10.823653754643281,11,4.176346245356719
YoungLA Performance Polo Negro,2026-03,21,8.496812185226993,8,12.503187814773007
YoungLA Pump Cover Tee Blanco,2026-03,31,16.82482206396435,17,14.175177936035649
YoungLA Ribbed Leggings Negro,2026-03,18,11.423878416659582,11,6.576121583340418
YoungLA Thermal Long Sleeve Azul Marino,2026-03,1,3.930779197007127,4,2.930779197007127
YoungLA Training Stringer Negro,2026-03,14,10.798234630197085,11,3.2017653698029154
YoungLA Varsity Hoodie Verde,2026-03,12,11.658598785286935,12,0.3414012147130645
Adidas Aeroready Tank Negro,2026-04,45,28.156413966548154,28,16.843586033451846
Adidas Core Cotton Tank Negro,2026-04,8,5.204078269464137,5,2.795921730535863
Adidas Designed 4 Training Tee Negro,2026-04,12,10.008630399682279,10,1.9913696003177215
Adidas Entrada Jacket Azul Marino,2026-04,13,9.60661105344073,10,3.39338894655927
Adidas Essentials Hoodie Gris,2026-04,17,10.04823668436057,10,6.951763315639431
Adidas HIIT Training Shorts Negro,2026-04,13,9.8081962537225,10,3.1918037462775004
Adidas Optime Training Leggings Morado,2026-04,12,8.900142893692545,9,3.0998571063074554
Adidas Own The Run Tee Verde,2026-04,14,10.337132469797847,10,3.6628675302021527
Adidas Powerreact Sports Bra Rosa,2026-04,10,10.963574541862549,11,0.963574541862549
Adidas Primeblue Track Pants Azul,2026-04,11,10.90484039243392,11,0.09515960756607988
Adidas Strength Graphic Tee Rojo,2026-04,31,33.25238590212219,33,2.2523859021221924
Adidas Techfit Compression Shirt Blanco,2026-04,34,25.320633772081532,25,8.679366227918468
Adidas Tiro Training Pants Negro,2026-04,10,10.458912671066246,10,0.4589126710662459
Adidas Train Essentials Shorts Azul,2026-04,17,15.194037605001295,15,1.805962394998705
Adidas Training Long Sleeve Verde Olivo,2026-04,19,11.123902027480241,11,7.876097972519759
Adidas Yoga Studio Tee Blanco,2026-04,7,11.538885181761907,12,4.538885181761907
Adidas ZNE Sweatshirt Gris,2026-04,9,18.345508123248642,18,9.345508123248642
Amino Energy BCAA 270 g,2026-04,49,42.065501984126975,42,6.934498015873025
Cellucor Alpha Amino Lemon Lime,2026-04,11,10.889226011780814,11,0.11077398821918649
Cellucor BCAA Sport Watermelon 270 g,2026-04,32,20.12597601993566,20,11.87402398006434
Cellucor C4 Energy Drink Pack 12 piezas,2026-04,15,16.641985311721857,17,1.6419853117218572
Cellucor C4 Original Fruit Punch,2026-04,33,31.544132204687184,32,1.455867795312816
Cellucor C4 Original Icy Blue Razz,2026-04,19,12.983181803371346,13,6.016818196628654
Cellucor C4 Ripped Arctic Snow Cone,2026-04,21,11.960445522726445,12,9.039554477273555
Cellucor C4 Smart Energy Peach Mango,2026-04,22,15.310938032689164,15,6.6890619673108365
Cellucor C4 Ultimate Cherry Limeade,2026-04,16,8.682037182550115,9,7.317962817449885
Cellucor CLA 90 Softgels,2026-04,11,15.08249181547773,15,4.082491815477731
Cellucor Cor Performance Whey Chocolate,2026-04,28,18.826329974553243,19,9.173670025446757
Cellucor Cor Performance Whey Vanilla,2026-04,20,16.28684676963906,16,3.713153230360941
Cellucor Creatine Monohydrate 300 g,2026-04,39,28.604174760862698,29,10.395825239137302
Cellucor Hydration Stick Lemon 20 sobres,2026-04,29,22.351908318607403,22,6.6480916813925965
Cellucor Isolate Protein Chocolate 2 lb,2026-04,48,33.50484066867042,34,14.495159331329582
Cellucor Post Workout Recovery Berry,2026-04,10,11.326148024649884,11,1.3261480246498838
Cellucor Super HD 60 caps,2026-04,26,24.445958743173982,24,1.554041256826018
Cellucor Whey Cinnamon Swirl 2 lb,2026-04,22,21.02757032254717,21,0.9724296774528298
Creatina Monohidratada 300 g,2026-04,46,26.932257917351627,27,19.067742082648373
Guantes de Entrenamiento Pro,2026-04,18,9.393121212860644,9,8.606878787139356
Gymshark Adapt Leggings Negro,2026-04,26,18.525138706243407,19,7.474861293756593
Gymshark Apex Training Tee Blanco,2026-04,17,11.292517398035153,11,5.707482601964847
Gymshark Apex Training Tee Negro,2026-04,15,6.5542722874875725,7,8.445727712512427
Gymshark Arrival Shorts Negro,2026-04,15,10.13367031724434,10,4.86632968275566
Gymshark Crest Hoodie Gris,2026-04,22,11.576837111317502,12,10.423162888682498
Gymshark Critical Drop Arm Tank Negro,2026-04,16,7.884906382506597,8,8.115093617493404
Gymshark Everyday Baselayer Blanco,2026-04,10,6.428744447791645,6,3.5712555522083553
Gymshark Legacy Tank Azul,2026-04,5,4.410713167524917,4,0.5892868324750831
Gymshark Lift Club Tee Verde Olivo,2026-04,13,10.088231691800326,10,2.911768308199674
Gymshark Lightweight Training Pants Gris,2026-04,27,18.33966732900838,18,8.660332670991622
Gymshark Mesh Training Tank Rojo,2026-04,30,29.741438798427165,30,0.25856120157283513
Gymshark Performance Long Sleeve Negro,2026-04,10,5.284231242916727,5,4.715768757083273
Gymshark Power Sports Bra Rosa,2026-04,15,10.5746050929264,11,4.425394907073599
Gymshark Rest Day Oversized Tee Beige,2026-04,20,15.375265518343303,15,4.624734481656697
Gymshark Sport Jogger Gris Oxford,2026-04,7,7.358905155935447,7,0.3589051559354468
Gymshark Training Zip Jacket Azul Marino,2026-04,13,9.53338256228034,10,3.466617437719661
Gymshark Vital Seamless Top Verde,2026-04,10,11.43625749899461,11,1.4362574989946104
Harbinger Ab Straps Negro,2026-04,10,13.055177321879404,13,3.0551773218794036
Harbinger Ankle Cuff Pair Negro,2026-04,17,12.57393316966725,13,4.426066830332751
Harbinger Balance Pad Azul,2026-04,15,12.622542292338151,13,2.377457707661849
Harbinger Bar Pad Negro,2026-04,10,7.390324207263527,7,2.609675792736473
Harbinger Cable Attachment Rope Negro,2026-04,19,8.966726907768718,9,10.033273092231282
Harbinger Carabiner Clips Set Plateado,2026-04,7,6.1060546143906524,6,0.8939453856093476
Harbinger Chalk Ball Blanco,2026-04,13,10.202038297687627,10,2.7979617023123726
Harbinger Core Sliders Negro,2026-04,34,19.83661380329047,20,14.163386196709531
Harbinger Core Stability Ball Gris,2026-04,6,7.820982582008867,8,1.8209825820088668
Harbinger D Handle Grip Negro,2026-04,9,8.661883443577107,9,0.33811655642289296
Harbinger Door Anchor Negro,2026-04,12,19.696426854900707,20,7.696426854900707
Harbinger Drawstring Bag Rojo,2026-04,13,5.077447001212664,5,7.922552998787336
Harbinger Duffel Bag Negro,2026-04,12,18.693835663214077,19,6.693835663214077
Harbinger Durafoam Mat Negro,2026-04,17,22.572007994208462,23,5.572007994208462
Harbinger Elastic Wrist Wraps Negro,2026-04,23,9.342887596687687,9,13.657112403312313
Harbinger Elbow Sleeves Negro,2026-04,7,8.267313107968882,8,1.2673131079688815
Harbinger Figure 8 Lifting Straps Negro,2026-04,20,8.105701396375002,8,11.894298603624998
Harbinger Foam Core Belt Gris,2026-04,20,8.561817402809211,9,11.438182597190789
Harbinger Forearm Roller Negro,2026-04,25,7.892680845343699,8,17.107319154656302
Harbinger Gym Towel Negro,2026-04,31,11.957594483990933,12,19.04240551600907
Harbinger Hand Grip Trainer Negro,2026-04,29,30.93185039047211,31,1.9318503904721105
Harbinger Hip Band Verde,2026-04,18,11.002951800895925,11,6.997048199104075
Harbinger Knee Sleeves 5mm Negro,2026-04,7,9.041776066656931,9,2.041776066656931
Harbinger Lacrosse Massage Ball Negro,2026-04,5,8.603691056127706,9,3.6036910561277065
Harbinger Lat Pulldown Bar Cromado,2026-04,11,3.6178640084290703,4,7.38213599157093
Harbinger Lifting Chain Collars Negro,2026-04,6,3.8195139496870394,4,2.1804860503129606
Harbinger Liquid Chalk 250 ml Blanco,2026-04,15,8.703530339257245,9,6.296469660742755
Harbinger Massage Roller Negro,2026-04,18,14.629011303122095,15,3.3709886968779053
Harbinger Mini Band Set Multicolor,2026-04,51,24.67916734627246,25,26.32083265372754
Harbinger Padded Cotton Lifting Straps Negro,2026-04,48,25.273972406658945,25,22.726027593341055
Harbinger Power Lifting Belt Negro,2026-04,21,9.2762268780834,9,11.7237731219166
Harbinger Pro Wristwrap Gloves Negro,2026-04,39,28.555085631699125,29,10.444914368300875
Harbinger Push Up Pro Handles Negro,2026-04,12,6.437433712268606,6,5.562566287731394
Harbinger Red Line Knee Wraps Rojo,2026-04,36,23.06048511904763,23,12.93951488095237
Harbinger Resistance Band Heavy Negro,2026-04,29,25.43016157523431,25,3.5698384247656882
Harbinger Resistance Band Light Amarillo,2026-04,30,11.98589983570791,12,18.01410016429209
Harbinger Resistance Band Medium Rojo,2026-04,13,8.430329919325862,8,4.569670080674138
Harbinger Shaker Bottle 700 ml Negro,2026-04,44,23.494909487610713,23,20.505090512389287
Harbinger Speed Agility Cones Naranja,2026-04,8,3.965971588057384,4,4.034028411942616
Harbinger Speed Rope Negro,2026-04,36,25.113938412074127,25,10.886061587925873
Harbinger Stainless Shaker 750 ml Plateado,2026-04,45,24.902318444794524,25,20.097681555205476
Harbinger Stretch Strap Azul,2026-04,24,22.617059440080364,23,1.3829405599196356
Harbinger Training Grip Gloves Gris,2026-04,27,12.458101652257637,12,14.541898347742363
Harbinger Training Log Book Negro,2026-04,14,6.562070792079692,7,7.437929207920308
Harbinger Training Towel Gris,2026-04,30,14.731019121537747,15,15.268980878462253
Harbinger Triceps V Bar Cromado,2026-04,19,8.969498581177502,9,10.030501418822498
Harbinger Weighted Jump Rope Gris,2026-04,19,19.304673634604278,19,0.30467363460427777
Harbinger Weightlifting Hooks Negro,2026-04,8,4.010212649002562,4,3.989787350997438
Harbinger Wrist Roller Kit Negro,2026-04,18,9.343410332574518,9,8.656589667425482
Harbinger Yoga Block Gris,2026-04,16,8.144535892992423,8,7.8554641070075775
MuscleTech 100 Percent Whey Chocolate 5 lb,2026-04,18,13.573451426589822,14,4.426548573410178
MuscleTech Amino Build Orange Mango,2026-04,17,24.474662847784863,24,7.474662847784863
MuscleTech Clear Muscle 84 caps,2026-04,13,5.6682305229104495,6,7.3317694770895505
MuscleTech Collagen Peptides Unflavored 300 g,2026-04,17,13.811283301211404,14,3.188716698788596
MuscleTech EAA Hydration Blue Raspberry,2026-04,49,29.599191656295307,30,19.400808343704693
MuscleTech Glutamine Plus 300 g,2026-04,17,20.73885076471356,21,3.738850764713561
MuscleTech Grass Fed Whey Vanilla 2 lb,2026-04,18,14.405583521529127,14,3.5944164784708725
MuscleTech Hydroxycut Hardcore 100 caps,2026-04,26,22.25427529778554,22,3.74572470221446
MuscleTech Mass Tech Extreme Chocolate 7 lb,2026-04,47,35.02871010860485,35,11.971289891395152
MuscleTech NitroTech Chocolate 4 lb,2026-04,25,16.408063858257044,16,8.591936141742956
MuscleTech NitroTech Vanilla 4 lb,2026-04,34,17.395066624567043,17,16.604933375432957
MuscleTech Platinum Creatine 400 g,2026-04,40,34.15107852332853,34,5.848921476671471
MuscleTech Platinum Multivitamin 90 tabs,2026-04,22,18.558972562482218,19,3.441027437517782
MuscleTech Protein Cookie Chocolate Chip,2026-04,20,16.67767047108235,17,3.322329528917649
MuscleTech Test HD 90 caps,2026-04,10,8.674236555859597,9,1.325763444140403
MuscleTech Vapor X5 Fruit Punch,2026-04,18,11.263301471955991,11,6.736698528044009
Optimum Nutrition Amino Energy Blue Raspberry 270 g,2026-04,16,9.764932082138298,10,6.235067917861702
Optimum Nutrition Amino Energy Watermelon 270 g,2026-04,23,14.150511159593075,14,8.849488840406925
Optimum Nutrition BCAA 1000 Caps 200 caps,2026-04,24,21.577697351156086,22,2.422302648843914
Optimum Nutrition Casein Chocolate Supreme 2 lb,2026-04,22,18.88171505474146,19,3.118284945258541
Optimum Nutrition Electrolyte Mix Lemon Lime,2026-04,28,22.841312850974543,23,5.158687149025457
Optimum Nutrition Fish Oil 100 caps,2026-04,46,39.221953869047596,39,6.778046130952404
Optimum Nutrition Glutamine Powder 300 g,2026-04,24,12.651454738425645,13,11.348545261574355
Optimum Nutrition Gold Standard Pre Workout Fruit Punch,2026-04,21,13.992085432352662,14,7.0079145676473384
Optimum Nutrition Hydrowhey Turbo Chocolate 1.6 lb,2026-04,27,26.12549662706113,26,0.8745033729388716
Optimum Nutrition Micronized Creatine 300 g,2026-04,37,27.9839580676424,28,9.016041932357599
Optimum Nutrition Opti Men 90 tabs,2026-04,18,12.09121386558183,12,5.90878613441817
Optimum Nutrition Opti Women 60 caps,2026-04,53,42.44826587301588,42,10.551734126984122
Optimum Nutrition Plant Protein Vanilla 1.5 lb,2026-04,24,14.393465877256622,14,9.606534122743378
Optimum Nutrition Serious Mass Chocolate 6 lb,2026-04,23,11.72375581022093,12,11.27624418977907
Optimum Nutrition Whey Gold Cookies Cream 5 lb,2026-04,28,22.004179539021152,22,5.995820460978848
Optimum Nutrition Whey Gold Double Chocolate 2 lb,2026-04,12,5.7822462891247035,6,6.2177537108752965
Optimum Nutrition Whey Gold Vanilla Ice Cream 2 lb,2026-04,18,11.94006649659576,12,6.05993350340424
Playera Fit Training,2026-04,18,19.24441391648604,19,1.2444139164860388
Playera Training Dry Fit,2026-04,16,10.158337190234942,10,5.841662809765058
Pre-entreno C4 Original 30 servicios,2026-04,41,30.49508125813457,30,10.504918741865431
Pre-entreno C4 Ripped,2026-04,15,19.305588546133635,19,4.3055885461336345
Proteína Whey Gold Standard 5 lb,2026-04,25,28.818231802629384,29,3.818231802629384
Prueba,2026-04,3,3.7545082695244396,4,0.7545082695244396
Short Deportivo Performance,2026-04,12,8.918268241095838,9,3.081731758904162
YoungLA Block Party Tee Negro,2026-04,35,34.52248611111112,35,0.477513888888879
YoungLA Classic Cutoff Verde Olivo,2026-04,12,8.580070298472666,9,3.4199297015273338
YoungLA Compression Tee Rojo,2026-04,27,17.413415242724394,17,9.586584757275606
YoungLA Core Tank Blanco,2026-04,19,10.907161711051168,11,8.092838288948832
YoungLA Essential Sweatpants Gris,2026-04,18,7.544882343378933,8,10.455117656621066
YoungLA Immortal Joggers Gris,2026-04,21,22.243705287110124,22,1.2437052871101244
YoungLA Lift Shorts Gris,2026-04,26,18.844738760413676,19,7.1552612395863235
YoungLA Minimal Sports Bra Lila,2026-04,14,17.369523478653356,17,3.369523478653356
YoungLA Motion Jacket Negro,2026-04,7,12.0217912980978,12,5.021791298097799
YoungLA Perfect Shorts Azul,2026-04,15,11.339242502762303,11,3.6607574972376966
YoungLA Performance Polo Negro,2026-04,16,23.228366166723927,23,7.2283661667239265
YoungLA Pump Cover Tee Blanco,2026-04,21,23.834860405254794,24,2.834860405254794
YoungLA Ribbed Leggings Negro,2026-04,23,14.609436400142233,15,8.390563599857767
YoungLA Thermal Long Sleeve Azul Marino,2026-04,9,3.4778791047868447,3,5.522120895213155
YoungLA Training Stringer Negro,2026-04,18,10.976012259299686,11,7.0239877407003135
YoungLA Varsity Hoodie Verde,2026-04,12,11.602716633711374,12,0.3972833662886259
Adidas Aeroready Tank Negro,2026-05,36,32.86512067562067,33,3.1348793243793267
Adidas Core Cotton Tank Negro,2026-05,16,7.422330569510629,7,8.57766943048937
Adidas Designed 4 Training Tee Negro,2026-05,18,10.067000686915426,10,7.932999313084574
Adidas Entrada Jacket Azul Marino,2026-05,17,8.15420152770895,8,8.84579847229105
Adidas Essentials Hoodie Gris,2026-05,16,12.42295654260139,12,3.5770434573986094
Adidas HIIT Training Shorts Negro,2026-05,16,9.97992629795235,10,6.02007370204765
Adidas Optime Training Leggings Morado,2026-05,17,8.25717376453279,8,8.74282623546721
Adidas Own The Run Tee Verde,2026-05,24,10.7853794554219,11,13.2146205445781
Adidas Powerreact Sports Bra Rosa,2026-05,18,11.80140813682121,12,6.198591863178789
Adidas Primeblue Track Pants Azul,2026-05,15,9.50416877580432,10,5.49583122419568
Adidas Strength Graphic Tee Rojo,2026-05,39,32.347183410429295,32,6.652816589570705
Adidas Techfit Compression Shirt Blanco,2026-05,30,29.62175964889627,30,0.3782403511037309
Adidas Tiro Training Pants Negro,2026-05,18,11.43089190359151,11,6.56910809640849
Adidas Train Essentials Shorts Azul,2026-05,12,16.832175916778624,17,4.832175916778624
Adidas Training Long Sleeve Verde Olivo,2026-05,10,15.878404375756412,16,5.878404375756412
Adidas Yoga Studio Tee Blanco,2026-05,21,8.887349065750643,9,12.112650934249357
Adidas ZNE Sweatshirt Gris,2026-05,23,13.098221039039322,13,9.901778960960678
Amino Energy BCAA 270 g,2026-05,57,42.764260912698404,43,14.235739087301596
Cellucor Alpha Amino Lemon Lime,2026-05,16,11.624078208674657,12,4.375921791325343
Cellucor BCAA Sport Watermelon 270 g,2026-05,30,22.986556352202314,23,7.013443647797686
Cellucor C4 Energy Drink Pack 12 piezas,2026-05,20,13.77489040376656,14,6.225109596233439
Cellucor C4 Original Fruit Punch,2026-05,52,29.108495761353225,29,22.891504238646775
Cellucor C4 Original Icy Blue Razz,2026-05,22,14.055410604451243,14,7.944589395548757
Cellucor C4 Ripped Arctic Snow Cone,2026-05,23,16.508397546085043,17,6.4916024539149575
Cellucor C4 Smart Energy Peach Mango,2026-05,22,18.494826570591687,18,3.5051734294083126
Cellucor C4 Ultimate Cherry Limeade,2026-05,17,9.238474950701665,9,7.761525049298335
Cellucor CLA 90 Softgels,2026-05,11,13.54968115517181,14,2.5496811551718093
Cellucor Cor Performance Whey Chocolate,2026-05,23,21.84157416315023,22,1.1584258368497693
Cellucor Cor Performance Whey Vanilla,2026-05,19,15.295220923262765,15,3.7047790767372355
Cellucor Creatine Monohydrate 300 g,2026-05,16,33.869986626378655,34,17.869986626378655
Cellucor Hydration Stick Lemon 20 sobres,2026-05,39,22.965188012453513,23,16.034811987546487
Cellucor Isolate Protein Chocolate 2 lb,2026-05,44,30.769079365079364,31,13.230920634920636
Cellucor Post Workout Recovery Berry,2026-05,22,11.538172024512594,12,10.461827975487406
Cellucor Super HD 60 caps,2026-05,26,24.609417769902617,25,1.3905822300973831
Cellucor Whey Cinnamon Swirl 2 lb,2026-05,28,21.436002730792794,21,6.563997269207206
Creatina Monohidratada 300 g,2026-05,55,30.935070408636207,31,24.064929591363793
Guantes de Entrenamiento Pro,2026-05,24,13.27944867165478,13,10.72055132834522
Gymshark Adapt Leggings Negro,2026-05,34,23.50861310574209,24,10.49138689425791
Gymshark Apex Training Tee Blanco,2026-05,22,12.95152232796398,13,9.04847767203602
Gymshark Apex Training Tee Negro,2026-05,23,7.128953639402023,7,15.871046360597976
Gymshark Arrival Shorts Negro,2026-05,16,10.5570188858281,11,5.4429811141719
Gymshark Crest Hoodie Gris,2026-05,24,19.447181920843168,19,4.5528180791568325
Gymshark Critical Drop Arm Tank Negro,2026-05,11,9.28693641558143,9,1.7130635844185704
Gymshark Everyday Baselayer Blanco,2026-05,11,8.683325820429186,9,2.316674179570814
Gymshark Legacy Tank Azul,2026-05,9,4.292754300158525,4,4.707245699841475
Gymshark Lift Club Tee Verde Olivo,2026-05,19,9.600631488467746,10,9.399368511532254
Gymshark Lightweight Training Pants Gris,2026-05,21,22.56656559089647,23,1.5665655908964702
Gymshark Mesh Training Tank Rojo,2026-05,40,30.18131883546087,30,9.818681164539129
Gymshark Performance Long Sleeve Negro,2026-05,7,7.127930025573461,7,0.12793002557346078
Gymshark Power Sports Bra Rosa,2026-05,12,7.421950607673691,7,4.578049392326309
Gymshark Rest Day Oversized Tee Beige,2026-05,17,18.828056308983708,19,1.828056308983708
Gymshark Sport Jogger Gris Oxford,2026-05,8,7.30134647440973,7,0.6986535255902702
Gymshark Training Zip Jacket Azul Marino,2026-05,16,10.510224413653068,11,5.489775586346932
Gymshark Vital Seamless Top Verde,2026-05,19,11.487579813813376,11,7.512420186186624
Harbinger Ab Straps Negro,2026-05,15,10.006668956831659,10,4.993331043168341
Harbinger Ankle Cuff Pair Negro,2026-05,23,13.295041817184813,13,9.704958182815187
Harbinger Balance Pad Azul,2026-05,8,11.961656780691225,12,3.961656780691225
Harbinger Bar Pad Negro,2026-05,9,7.6711293077363045,8,1.3288706922636955
Harbinger Cable Attachment Rope Negro,2026-05,20,13.847014227197697,14,6.152985772802303
Harbinger Carabiner Clips Set Plateado,2026-05,8,9.86684501349509,10,1.8668450134950891
Harbinger Chalk Ball Blanco,2026-05,20,9.758465848936098,10,10.241534151063902
Harbinger Core Sliders Negro,2026-05,31,23.719640755631254,24,7.280359244368746
Harbinger Core Stability Ball Gris,2026-05,23,7.746839916791218,8,15.253160083208783
Harbinger D Handle Grip Negro,2026-05,6,8.35449659560675,8,2.3544965956067507
Harbinger Door Anchor Negro,2026-05,22,14.454815887542916,14,7.545184112457084
Harbinger Drawstring Bag Rojo,2026-05,16,10.54237196189131,11,5.457628038108689
Harbinger Duffel Bag Negro,2026-05,28,15.006370297734245,15,12.993629702265755
Harbinger Durafoam Mat Negro,2026-05,20,14.851081352674361,15,5.1489186473256385
Harbinger Elastic Wrist Wraps Negro,2026-05,24,22.422840519928297,22,1.5771594800717033
Harbinger Elbow Sleeves Negro,2026-05,20,7.531185582513837,8,12.468814417486163
Harbinger Figure 8 Lifting Straps Negro,2026-05,20,15.842897393556298,16,4.157102606443702
Harbinger Foam Core Belt Gris,2026-05,21,19.87398828973747,20,1.1260117102625316
Harbinger Forearm Roller Negro,2026-05,13,25.607196370214755,26,12.607196370214755
Harbinger Gym Towel Negro,2026-05,32,25.00113573086688,25,6.998864269133119
Harbinger Hand Grip Trainer Negro,2026-05,34,32.88649803123005,33,1.1135019687699526
Harbinger Hip Band Verde,2026-05,32,15.948681849865814,16,16.051318150134186
Harbinger Knee Sleeves 5mm Negro,2026-05,12,8.824817678979377,9,3.175182321020623
Harbinger Lacrosse Massage Ball Negro,2026-05,22,6.989300849956518,7,15.010699150043482
Harbinger Lat Pulldown Bar Cromado,2026-05,9,8.577446784812274,9,0.42255321518772604
Harbinger Lifting Chain Collars Negro,2026-05,9,5.739524638430223,6,3.2604753615697772
Harbinger Liquid Chalk 250 ml Blanco,2026-05,17,10.374434546648656,10,6.625565453351344
Harbinger Massage Roller Negro,2026-05,24,15.55394623971293,16,8.44605376028707
Harbinger Mini Band Set Multicolor,2026-05,18,28.87834814418039,29,10.87834814418039
Harbinger Padded Cotton Lifting Straps Negro,2026-05,31,32.89089015845266,33,1.8908901584526632
Harbinger Power Lifting Belt Negro,2026-05,21,23.0591150724216,23,2.0591150724216014
Harbinger Pro Wristwrap Gloves Negro,2026-05,38,30.26980019651403,30,7.73019980348597
Harbinger Push Up Pro Handles Negro,2026-05,3,10.131503061522132,10,7.131503061522132
Harbinger Red Line Knee Wraps Rojo,2026-05,25,24.777237341417727,25,0.22276265858227262
Harbinger Resistance Band Heavy Negro,2026-05,44,24.780577280935614,25,19.219422719064386
Harbinger Resistance Band Light Amarillo,2026-05,27,23.827451803842152,24,3.172548196157848
Harbinger Resistance Band Medium Rojo,2026-05,26,8.656147380613094,9,17.343852619386908
Harbinger Shaker Bottle 700 ml Negro,2026-05,67,30.184554663173074,30,36.815445336826926
Harbinger Speed Agility Cones Naranja,2026-05,9,5.912682431534881,6,3.087317568465119
Harbinger Speed Rope Negro,2026-05,43,26.763823232323233,27,16.236176767676767
Harbinger Stainless Shaker 750 ml Plateado,2026-05,68,32.35140575396827,32,35.64859424603173
Harbinger Stretch Strap Azul,2026-05,34,20.870936016298334,21,13.129063983701666
Harbinger Training Grip Gloves Gris,2026-05,25,21.506458139067874,22,3.493541860932126
Harbinger Training Log Book Negro,2026-05,24,8.374893226015107,8,15.625106773984893
Harbinger Training Towel Gris,2026-05,29,23.387362701973238,23,5.612637298026762
Harbinger Triceps V Bar Cromado,2026-05,24,12.680985787792801,13,11.319014212207199
Harbinger Weighted Jump Rope Gris,2026-05,13,17.054373467422256,17,4.054373467422256
Harbinger Weightlifting Hooks Negro,2026-05,9,7.704006315101478,8,1.295993684898522
Harbinger Wrist Roller Kit Negro,2026-05,21,12.14921470065282,12,8.85078529934718
Harbinger Yoga Block Gris,2026-05,31,9.3195235258281,9,21.6804764741719
MuscleTech 100 Percent Whey Chocolate 5 lb,2026-05,19,15.492644629131322,15,3.5073553708686784
MuscleTech Amino Build Orange Mango,2026-05,31,23.924736134527734,24,7.075263865472266
MuscleTech Clear Muscle 84 caps,2026-05,13,9.183041029595989,9,3.816958970404011
MuscleTech Collagen Peptides Unflavored 300 g,2026-05,26,16.873068356529934,17,9.126931643470066
MuscleTech EAA Hydration Blue Raspberry,2026-05,49,34.67426933814789,35,14.325730661852113
MuscleTech Glutamine Plus 300 g,2026-05,18,15.04340894447619,15,2.956591055523811
MuscleTech Grass Fed Whey Vanilla 2 lb,2026-05,28,13.585409947267202,14,14.414590052732798
MuscleTech Hydroxycut Hardcore 100 caps,2026-05,22,20.731820755902646,21,1.2681792440973538
MuscleTech Mass Tech Extreme Chocolate 7 lb,2026-05,47,32.41220021645022,32,14.587799783549777
MuscleTech NitroTech Chocolate 4 lb,2026-05,30,20.420702489332108,20,9.579297510667892
MuscleTech NitroTech Vanilla 4 lb,2026-05,25,24.668585533007953,25,0.33141446699204735
MuscleTech Platinum Creatine 400 g,2026-05,58,40.180334325396814,40,17.819665674603186
MuscleTech Platinum Multivitamin 90 tabs,2026-05,31,18.783897686231356,19,12.216102313768644
MuscleTech Protein Cookie Chocolate Chip,2026-05,18,17.19288952122887,17,0.8071104787711292
MuscleTech Test HD 90 caps,2026-05,9,8.76071764735544,9,0.23928235264456
MuscleTech Vapor X5 Fruit Punch,2026-05,29,14.833554985030464,15,14.166445014969536
Optimum Nutrition Amino Energy Blue Raspberry 270 g,2026-05,21,11.904607090244548,12,9.095392909755452
Optimum Nutrition Amino Energy Watermelon 270 g,2026-05,25,22.036666712674705,22,2.9633332873252947
Optimum Nutrition BCAA 1000 Caps 200 caps,2026-05,29,20.45811491431111,20,8.54188508568889
Optimum Nutrition Casein Chocolate Supreme 2 lb,2026-05,33,19.666283541720563,20,13.333716458279437
Optimum Nutrition Electrolyte Mix Lemon Lime,2026-05,44,24.744516645871368,25,19.255483354128632
Optimum Nutrition Fish Oil 100 caps,2026-05,43,39.23069246031746,39,3.7693075396825435
Optimum Nutrition Glutamine Powder 300 g,2026-05,26,20.321916131258305,20,5.678083868741695
Optimum Nutrition Gold Standard Pre Workout Fruit Punch,2026-05,24,15.792519301145845,16,8.207480698854155
Optimum Nutrition Hydrowhey Turbo Chocolate 1.6 lb,2026-05,32,23.995560334737206,24,8.004439665262794
Optimum Nutrition Micronized Creatine 300 g,2026-05,41,30.792591372913773,31,10.207408627086227
Optimum Nutrition Opti Men 90 tabs,2026-05,24,13.819702339112377,14,10.180297660887623
Optimum Nutrition Opti Women 60 caps,2026-05,49,39.78014880952381,40,9.219851190476192
Optimum Nutrition Plant Protein Vanilla 1.5 lb,2026-05,27,18.950043510605106,19,8.049956489394894
Optimum Nutrition Serious Mass Chocolate 6 lb,2026-05,28,21.501596410105762,22,6.498403589894238
Optimum Nutrition Whey Gold Cookies Cream 5 lb,2026-05,34,23.976614156407276,24,10.023385843592724
Optimum Nutrition Whey Gold Double Chocolate 2 lb,2026-05,14,8.81847473042562,9,5.181525269574379
Optimum Nutrition Whey Gold Vanilla Ice Cream 2 lb,2026-05,22,13.790028292894718,14,8.209971707105282
Playera Fit Training,2026-05,25,18.27446542210933,18,6.72553457789067
Playera Training Dry Fit,2026-05,11,10.751718597940975,11,0.24828140205902471
Pre-entreno C4 Original 30 servicios,2026-05,47,36.43896344396344,36,10.561036556036562
Pre-entreno C4 Ripped,2026-05,17,18.92831115978432,19,1.9283111597843217
Proteína Whey Gold Standard 5 lb,2026-05,24,24.47967195639234,24,0.47967195639234106
Prueba,2026-05,5,3.3987602973211026,3,1.6012397026788974
Short Deportivo Performance,2026-05,10,9.845750558656475,10,0.15424944134352536
YoungLA Block Party Tee Negro,2026-05,42,31.109452302599347,31,10.890547697400653
YoungLA Classic Cutoff Verde Olivo,2026-05,14,6.911843431733476,7,7.088156568266524
YoungLA Compression Tee Rojo,2026-05,21,19.496579955756157,19,1.5034200442438426
YoungLA Core Tank Blanco,2026-05,13,12.88645095320583,13,0.11354904679416933
YoungLA Essential Sweatpants Gris,2026-05,19,12.11263226535235,12,6.8873677346476505
YoungLA Immortal Joggers Gris,2026-05,28,23.153804635230728,23,4.846195364769272
YoungLA Lift Shorts Gris,2026-05,29,21.047758604307113,21,7.952241395692887
YoungLA Minimal Sports Bra Lila,2026-05,26,14.02162470287192,14,11.97837529712808
YoungLA Motion Jacket Negro,2026-05,12,11.75136241966746,12,0.2486375803325398
YoungLA Perfect Shorts Azul,2026-05,20,11.296787378769382,11,8.703212621230618
YoungLA Performance Polo Negro,2026-05,12,14.404925934301602,14,2.404925934301602
YoungLA Pump Cover Tee Blanco,2026-05,18,25.08549449545201,25,7.085494495452011
YoungLA Ribbed Leggings Negro,2026-05,22,21.956885900204426,22,0.04311409979557368
YoungLA Thermal Long Sleeve Azul Marino,2026-05,13,6.00657678145073,6,6.99342321854927
YoungLA Training Stringer Negro,2026-05,7,11.965510945673465,12,4.965510945673465
YoungLA Varsity Hoodie Verde,2026-05,21,12.116006397669912,12,8.883993602330088
